data,4500,11350,27200,58750,89750,19600,20270,20900,22600,23400,24000,26700,29700,45900,63850,77500,Ch17,data_parsed
2025-11-28T00:00:01+00:00,-46.37,-58.89,-61.50,-58.27,-62.09,-51.55,-49.62,-61.15,-45.48,-41.03,-50.12,-47.56,-60.63,-52.06,-55.07,-54.09,-53.21,2025-11-28 00:00:01+00:00
2025-11-28T00:01:02+00:00,-45.98,-59.16,-61.16,-57.55,-62.62,-51.28,-49.55,-60.62,-45.50,-40.79,-50.46,-47.65,-60.55,-52.15,-55.10,-55.00,-54.03,2025-11-28 00:01:02+00:00
2025-11-28T00:03:01+00:00,-46.24,-57.77,-59.56,-58.43,-63.39,-51.30,-48.78,-60.12,-45.44,-40.37,-49.81,-47.71,-59.85,-52.42,-55.04,-53.68,-53.48,2025-11-28 00:03:01+00:00
2025-11-28T00:04:01+00:00,-45.99,-59.05,-61.25,-59.05,-62.78,-51.49,-48.66,-60.88,-45.39,-40.15,-49.44,-47.62,-59.81,-53.40,-55.09,-53.36,-53.66,2025-11-28 00:04:01+00:00
2025-11-28T00:06:01+00:00,-46.33,-58.76,-60.64,-58.62,-62.66,-51.42,-47.90,-60.74,-45.89,-40.48,-49.46,-47.30,-59.43,-54.48,-55.05,-53.50,-52.11,2025-11-28 00:06:01+00:00
2025-11-28T00:07:01+00:00,-46.12,-58.16,-61.80,-58.45,-62.86,-51.52,-47.88,-60.51,-46.57,-40.92,-48.89,-47.24,-59.70,-55.92,-54.96,-54.81,-52.38,2025-11-28 00:07:01+00:00
2025-11-28T00:09:01+00:00,-45.67,-56.88,-61.78,-58.65,-62.64,-51.46,-48.03,-60.44,-50.23,-41.63,-50.07,-47.15,-59.40,-56.53,-55.26,-54.75,-52.13,2025-11-28 00:09:01+00:00
2025-11-28T00:10:01+00:00,-45.62,-60.28,-61.87,-60.34,-62.44,-51.68,-48.84,-61.01,-50.42,-41.15,-49.86,-47.45,-59.95,-53.29,-54.60,-53.81,-54.63,2025-11-28 00:10:01+00:00
2025-11-28T00:12:01+00:00,-45.89,-61.60,-61.95,-60.69,-62.88,-51.70,-48.39,-61.92,-49.15,-40.83,-49.83,-47.36,-59.26,-53.65,-55.11,-52.87,-54.70,2025-11-28 00:12:01+00:00
2025-11-28T00:13:01+00:00,-45.86,-60.93,-62.12,-60.12,-62.74,-49.71,-48.08,-61.69,-49.33,-40.84,-49.95,-47.04,-59.91,-54.03,-54.85,-52.40,-53.94,2025-11-28 00:13:01+00:00
2025-11-28T00:15:01+00:00,-46.03,-60.10,-61.47,-59.87,-62.91,-50.62,-48.06,-62.26,-49.26,-40.81,-49.68,-47.17,-61.28,-52.27,-55.07,-50.57,-54.53,2025-11-28 00:15:01+00:00
2025-11-28T00:16:01+00:00,-46.25,-59.67,-61.31,-55.28,-63.08,-50.58,-47.87,-57.07,-49.18,-40.80,-49.43,-47.23,-60.99,-50.39,-55.21,-50.39,-53.61,2025-11-28 00:16:01+00:00
2025-11-28T00:18:01+00:00,-46.18,-58.41,-61.43,-53.10,-62.88,-50.20,-48.21,-60.86,-49.31,-41.14,-49.71,-47.71,-59.24,-50.55,-55.34,-49.51,-52.25,2025-11-28 00:18:01+00:00
2025-11-28T00:19:01+00:00,-48.43,-57.80,-60.35,-53.10,-63.12,-49.65,-48.39,-58.91,-49.25,-41.45,-50.17,-47.83,-57.99,-50.95,-54.96,-49.17,-53.71,2025-11-28 00:19:01+00:00
2025-11-28T00:21:01+00:00,-50.74,-58.18,-61.26,-55.21,-62.68,-49.90,-48.66,-61.03,-49.29,-41.69,-49.97,-47.77,-58.98,-49.41,-55.27,-50.21,-52.24,2025-11-28 00:21:01+00:00
2025-11-28T00:23:01+00:00,-49.54,-59.43,-60.74,-53.24,-62.30,-50.05,-48.02,-60.83,-49.57,-41.06,-50.03,-48.28,-59.70,-48.88,-54.55,-51.30,-54.16,2025-11-28 00:23:01+00:00
2025-11-28T00:24:01+00:00,-49.57,-58.55,-61.81,-53.17,-63.36,-50.18,-48.06,-60.99,-49.69,-41.02,-50.37,-48.45,-60.68,-49.66,-54.99,-51.20,-54.44,2025-11-28 00:24:01+00:00
2025-11-28T00:26:01+00:00,-49.15,-58.55,-61.86,-58.73,-62.94,-50.10,-48.25,-59.57,-49.70,-40.93,-50.40,-47.81,-60.52,-52.91,-54.96,-49.95,-54.43,2025-11-28 00:26:01+00:00
2025-11-28T00:27:01+00:00,-49.33,-59.27,-62.42,-57.26,-62.77,-50.22,-48.31,-55.35,-49.66,-40.46,-50.05,-47.79,-60.31,-54.33,-54.93,-50.99,-54.38,2025-11-28 00:27:01+00:00
2025-11-28T00:29:01+00:00,-49.24,-59.44,-62.47,-58.66,-62.82,-50.19,-48.74,-56.06,-49.35,-41.99,-50.44,-48.07,-59.59,-52.42,-54.73,-50.22,-52.30,2025-11-28 00:29:01+00:00
2025-11-28T00:30:01+00:00,-49.15,-59.27,-62.38,-59.13,-62.62,-50.36,-48.63,-58.81,-49.45,-41.94,-50.02,-48.21,-59.49,-50.81,-54.09,-51.06,-54.44,2025-11-28 00:30:01+00:00
2025-11-28T00:32:01+00:00,-49.21,-58.70,-61.84,-59.26,-62.87,-50.19,-47.27,-59.00,-50.78,-42.14,-50.42,-48.33,-58.73,-52.54,-49.22,-52.26,-53.37,2025-11-28 00:32:01+00:00
2025-11-28T00:33:02+00:00,-49.18,-58.64,-62.15,-58.42,-62.25,-49.99,-48.82,-56.47,-51.48,-41.99,-50.20,-47.95,-58.72,-53.18,-54.84,-53.41,-52.11,2025-11-28 00:33:02+00:00
2025-11-28T00:35:01+00:00,-49.44,-58.23,-62.28,-59.13,-62.99,-51.22,-48.97,-60.06,-51.80,-41.71,-49.74,-47.58,-58.96,-51.24,-54.88,-55.16,-54.14,2025-11-28 00:35:01+00:00
2025-11-28T00:36:02+00:00,-49.16,-58.25,-62.69,-59.29,-62.64,-51.08,-49.16,-58.47,-52.18,-42.52,-50.35,-47.75,-59.94,-51.31,-54.82,-55.27,-54.10,2025-11-28 00:36:02+00:00
2025-11-28T00:38:01+00:00,-49.59,-59.31,-62.21,-57.82,-63.60,-51.22,-49.17,-61.03,-52.01,-41.98,-50.07,-47.54,-59.39,-54.52,-54.28,-53.18,-52.23,2025-11-28 00:38:01+00:00
2025-11-28T00:39:02+00:00,-49.33,-58.96,-62.96,-59.80,-63.62,-51.44,-49.30,-60.58,-51.94,-41.39,-49.90,-47.36,-59.36,-56.86,-54.73,-52.58,-53.50,2025-11-28 00:39:02+00:00
2025-11-28T00:41:01+00:00,-49.65,-59.43,-62.40,-58.71,-62.76,-51.38,-49.26,-61.18,-54.16,-41.42,-50.36,-47.46,-59.10,-57.80,-54.51,-53.62,-53.52,2025-11-28 00:41:01+00:00
2025-11-28T00:43:02+00:00,-49.33,-58.68,-61.75,-57.82,-63.66,-51.60,-48.84,-60.71,-54.20,-40.70,-50.56,-47.65,-58.67,-57.34,-54.17,-54.80,-54.12,2025-11-28 00:43:02+00:00
2025-11-28T00:44:02+00:00,-50.77,-59.50,-62.16,-58.30,-62.95,-51.70,-48.77,-61.41,-54.50,-40.81,-49.76,-47.80,-58.89,-50.60,-54.65,-55.52,-54.19,2025-11-28 00:44:02+00:00
2025-11-28T00:46:01+00:00,-50.62,-58.68,-62.19,-58.24,-61.80,-51.68,-48.66,-61.60,-54.39,-40.85,-50.38,-47.75,-59.74,-48.93,-54.16,-56.12,-52.21,2025-11-28 00:46:01+00:00
2025-11-28T00:47:02+00:00,-50.60,-59.41,-62.45,-58.45,-62.85,-52.06,-48.70,-61.89,-54.54,-40.66,-50.37,-47.69,-60.97,-51.83,-54.35,-55.63,-52.47,2025-11-28 00:47:02+00:00
2025-11-28T00:49:01+00:00,-47.84,-59.60,-62.47,-58.54,-62.41,-51.81,-46.97,-62.62,-54.02,-40.99,-50.85,-47.19,-61.32,-54.87,-55.08,-55.47,-53.67,2025-11-28 00:49:01+00:00
2025-11-28T00:50:02+00:00,-47.72,-57.95,-62.61,-58.73,-62.87,-51.80,-48.64,-62.38,-54.37,-40.91,-50.80,-47.40,-61.87,-52.44,-55.31,-54.59,-54.16,2025-11-28 00:50:02+00:00
2025-11-28T00:52:01+00:00,-46.75,-58.14,-61.08,-58.62,-62.55,-51.91,-49.28,-61.64,-53.95,-40.65,-50.55,-48.16,-61.12,-51.52,-54.85,-55.76,-52.29,2025-11-28 00:52:01+00:00
2025-11-28T00:53:01+00:00,-46.66,-57.07,-61.70,-56.70,-62.56,-52.00,-49.21,-60.22,-53.66,-40.47,-50.27,-48.53,-60.32,-50.88,-55.14,-54.53,-52.09,2025-11-28 00:53:01+00:00
2025-11-28T00:55:01+00:00,-46.85,-59.84,-62.29,-55.93,-62.90,-51.87,-47.98,-61.99,-54.41,-40.29,-50.67,-48.47,-60.01,-50.98,-54.95,-54.52,-53.49,2025-11-28 00:55:01+00:00
2025-11-28T00:56:01+00:00,-46.95,-60.24,-62.08,-55.96,-62.56,-52.02,-47.96,-61.88,-54.69,-40.60,-49.80,-48.14,-60.05,-50.48,-55.56,-54.33,-53.87,2025-11-28 00:56:01+00:00
2025-11-28T00:58:01+00:00,-46.86,-60.24,-61.32,-53.97,-62.73,-52.32,-47.99,-62.64,-47.55,-40.82,-49.49,-48.43,-59.85,-53.70,-55.27,-55.14,-53.51,2025-11-28 00:58:01+00:00
2025-11-28T00:59:01+00:00,-46.89,-58.28,-61.51,-58.23,-63.34,-52.25,-47.91,-61.05,-47.81,-40.57,-49.52,-48.39,-60.04,-55.07,-55.32,-55.65,-53.59,2025-11-28 00:59:01+00:00
2025-11-28T01:01:01+00:00,-46.89,-59.18,-60.95,-58.37,-63.60,-52.07,-48.11,-60.29,-48.67,-40.51,-48.73,-48.74,-60.03,-51.63,-55.30,-55.04,-53.39,2025-11-28 01:01:01+00:00
2025-11-28T01:02:01+00:00,-47.00,-60.17,-62.65,-58.45,-63.01,-52.34,-47.51,-60.24,-48.07,-40.29,-49.31,-48.83,-60.10,-49.96,-54.80,-54.09,-53.32,2025-11-28 01:02:01+00:00
2025-11-28T01:04:01+00:00,-47.08,-58.71,-61.67,-58.08,-63.22,-52.04,-47.74,-59.52,-47.90,-40.51,-49.59,-48.18,-59.03,-50.68,-54.87,-53.46,-54.17,2025-11-28 01:04:01+00:00
2025-11-28T01:05:01+00:00,-46.97,-59.04,-61.62,-58.06,-63.40,-50.72,-48.19,-60.05,-47.96,-40.88,-49.57,-48.59,-59.84,-50.32,-55.11,-53.87,-54.02,2025-11-28 01:05:01+00:00
2025-11-28T01:07:01+00:00,-46.66,-59.53,-62.27,-58.23,-63.70,-50.67,-48.13,-60.87,-44.70,-41.13,-49.01,-48.59,-60.70,-47.83,-55.12,-53.85,-54.23,2025-11-28 01:07:01+00:00
2025-11-28T01:08:01+00:00,-46.60,-59.45,-61.37,-58.52,-62.21,-50.31,-47.52,-59.69,-44.70,-41.04,-49.49,-48.26,-60.27,-48.40,-55.22,-51.87,-54.17,2025-11-28 01:08:01+00:00
2025-11-28T01:10:01+00:00,-47.37,-58.80,-62.03,-58.46,-62.44,-50.46,-47.50,-60.39,-44.88,-41.90,-48.41,-48.43,-59.38,-50.43,-55.07,-50.69,-54.08,2025-11-28 01:10:01+00:00
2025-11-28T01:11:01+00:00,-47.45,-59.60,-61.29,-59.01,-62.28,-50.54,-47.64,-61.29,-44.69,-41.98,-49.58,-48.35,-59.61,-47.35,-54.98,-50.94,-53.60,2025-11-28 01:11:01+00:00
2025-11-28T01:13:01+00:00,-47.25,-59.77,-62.66,-59.84,-63.81,-50.21,-47.94,-60.67,-44.91,-40.92,-49.70,-48.35,-61.02,-47.58,-54.75,-51.86,-52.13,2025-11-28 01:13:01+00:00
2025-11-28T01:14:01+00:00,-47.12,-58.22,-61.63,-59.25,-62.04,-50.55,-47.77,-60.32,-44.89,-40.65,-49.99,-48.40,-59.92,-46.71,-50.75,-51.99,-53.57,2025-11-28 01:14:01+00:00
2025-11-28T01:16:01+00:00,-47.46,-61.37,-62.03,-59.50,-64.15,-50.09,-47.59,-61.83,-44.56,-40.55,-49.70,-48.12,-61.24,-45.67,-54.73,-53.40,-52.34,2025-11-28 01:16:01+00:00
2025-11-28T01:17:01+00:00,-46.18,-60.70,-61.65,-59.66,-62.55,-50.22,-47.56,-61.36,-44.34,-40.69,-49.54,-47.52,-61.87,-45.28,-54.41,-52.75,-52.10,2025-11-28 01:17:01+00:00
2025-11-28T01:19:01+00:00,-48.30,-60.29,-62.18,-59.67,-62.73,-50.17,-48.15,-60.81,-44.52,-42.01,-49.63,-47.39,-61.54,-46.14,-54.96,-53.33,-54.25,2025-11-28 01:19:01+00:00
2025-11-28T01:20:01+00:00,-48.23,-58.04,-61.24,-59.44,-63.47,-50.11,-48.27,-60.26,-44.60,-42.14,-49.66,-47.53,-61.94,-45.45,-54.98,-50.85,-54.27,2025-11-28 01:20:01+00:00
2025-11-28T01:22:02+00:00,-48.58,-59.66,-62.04,-59.25,-63.25,-49.81,-48.33,-60.62,-44.83,-42.63,-50.05,-48.07,-61.59,-43.98,-54.82,-51.28,-52.11,2025-11-28 01:22:02+00:00
2025-11-28T01:23:02+00:00,-48.47,-59.38,-61.46,-58.85,-62.90,-50.25,-48.20,-60.44,-44.86,-42.67,-50.34,-48.13,-60.93,-44.35,-54.76,-51.24,-53.39,2025-11-28 01:23:02+00:00
2025-11-28T01:25:01+00:00,-48.35,-58.84,-61.73,-59.04,-62.95,-49.74,-48.84,-60.27,-44.80,-43.48,-49.66,-48.18,-60.11,-43.50,-54.23,-51.43,-52.13,2025-11-28 01:25:01+00:00
2025-11-28T01:26:02+00:00,-48.55,-57.80,-61.22,-59.46,-62.00,-51.40,-48.84,-60.91,-44.80,-43.51,-49.62,-47.87,-60.04,-44.24,-55.17,-51.39,-52.12,2025-11-28 01:26:02+00:00
2025-11-28T01:28:01+00:00,-48.47,-59.67,-61.79,-57.84,-64.22,-51.63,-49.47,-61.21,-44.70,-42.94,-49.56,-47.23,-60.72,-45.28,-54.90,-51.89,-51.95,2025-11-28 01:28:01+00:00
2025-11-28T01:29:01+00:00,-48.70,-58.30,-60.63,-59.11,-62.94,-51.52,-49.77,-58.18,-44.74,-42.69,-49.40,-47.30,-60.07,-45.49,-54.95,-50.21,-54.08,2025-11-28 01:29:01+00:00
2025-11-28T01:31:01+00:00,-48.78,-58.34,-61.38,-59.90,-63.04,-51.58,-49.86,-59.85,-44.93,-43.48,-49.75,-47.55,-61.33,-45.47,-54.18,-50.21,-53.79,2025-11-28 01:31:01+00:00
2025-11-28T01:32:01+00:00,-48.71,-60.29,-60.98,-59.25,-63.38,-51.32,-49.76,-59.48,-45.78,-43.68,-49.59,-47.41,-60.90,-45.44,-54.27,-50.08,-54.58,2025-11-28 01:32:01+00:00
2025-11-28T01:34:01+00:00,-48.30,-60.61,-61.66,-59.65,-62.84,-51.52,-49.27,-60.43,-46.16,-43.55,-49.44,-47.33,-61.37,-44.83,-54.03,-50.94,-53.74,2025-11-28 01:34:01+00:00
2025-11-28T01:35:01+00:00,-48.14,-60.03,-62.15,-57.83,-62.57,-51.16,-49.10,-55.51,-46.19,-43.47,-49.52,-47.76,-61.04,-46.06,-54.82,-51.16,-52.11,2025-11-28 01:35:01+00:00
2025-11-28T01:37:01+00:00,-49.59,-58.63,-62.62,-58.75,-62.79,-51.22,-50.03,-59.09,-46.27,-44.95,-49.92,-47.72,-60.21,-46.38,-54.71,-52.62,-52.40,2025-11-28 01:37:01+00:00
2025-11-28T01:38:01+00:00,-49.66,-59.68,-61.91,-59.28,-62.69,-51.14,-50.19,-61.26,-48.61,-44.98,-49.31,-47.48,-59.45,-45.77,-54.35,-52.83,-53.68,2025-11-28 01:38:01+00:00
2025-11-28T01:40:01+00:00,-49.63,-58.86,-59.30,-59.68,-63.23,-50.75,-49.82,-59.42,-49.30,-45.44,-49.05,-47.60,-57.97,-45.97,-53.43,-53.64,-51.38,2025-11-28 01:40:01+00:00
2025-11-28T01:41:01+00:00,-49.61,-58.35,-62.09,-59.57,-63.14,-50.67,-48.90,-59.83,-50.65,-44.83,-49.03,-47.84,-58.88,-47.76,-54.70,-54.78,-53.22,2025-11-28 01:41:01+00:00
2025-11-28T01:43:01+00:00,-49.54,-58.31,-61.68,-58.21,-62.37,-50.59,-48.39,-60.26,-50.69,-43.92,-49.21,-48.25,-57.92,-48.51,-54.39,-55.91,-54.28,2025-11-28 01:43:01+00:00
2025-11-28T01:44:01+00:00,-48.75,-59.72,-61.80,-58.13,-62.52,-50.43,-48.70,-55.19,-50.69,-43.49,-49.49,-48.32,-58.08,-46.88,-54.97,-55.50,-54.27,2025-11-28 01:44:01+00:00
2025-11-28T01:46:01+00:00,-48.35,-58.92,-61.59,-59.24,-62.88,-50.56,-49.44,-60.86,-50.51,-44.40,-49.21,-48.14,-58.41,-48.12,-53.05,-54.65,-54.30,2025-11-28 01:46:01+00:00
2025-11-28T01:48:01+00:00,-48.54,-59.05,-61.36,-59.19,-63.04,-50.52,-49.40,-59.84,-50.35,-44.02,-49.17,-47.79,-57.70,-47.25,-54.62,-55.72,-54.28,2025-11-28 01:48:01+00:00
2025-11-28T01:49:01+00:00,-46.50,-59.14,-61.98,-58.89,-62.88,-50.57,-49.16,-61.20,-50.50,-44.00,-49.34,-47.60,-57.36,-47.06,-54.47,-57.42,-54.44,2025-11-28 01:49:01+00:00
2025-11-28T01:51:01+00:00,-46.35,-60.57,-62.15,-58.47,-62.96,-50.62,-48.59,-61.52,-50.53,-44.57,-49.61,-48.03,-56.90,-45.78,-54.82,-57.66,-53.58,2025-11-28 01:51:01+00:00
2025-11-28T01:52:01+00:00,-46.52,-59.65,-61.96,-58.70,-63.68,-50.34,-51.32,-61.31,-50.56,-44.99,-49.48,-48.13,-56.62,-43.96,-54.61,-58.11,-53.53,2025-11-28 01:52:01+00:00
2025-11-28T01:54:02+00:00,-46.33,-61.25,-61.69,-58.69,-62.70,-50.43,-50.36,-55.15,-50.45,-44.50,-49.31,-48.07,-57.22,-44.44,-54.80,-59.21,-54.29,2025-11-28 01:54:02+00:00
2025-11-28T01:55:01+00:00,-46.95,-59.51,-61.98,-58.91,-62.87,-50.15,-49.78,-56.86,-50.29,-44.17,-49.41,-48.14,-57.05,-44.19,-54.60,-56.08,-54.37,2025-11-28 01:55:01+00:00
2025-11-28T01:57:01+00:00,-47.14,-58.91,-61.70,-58.81,-63.17,-49.62,-48.92,-60.91,-50.38,-44.93,-49.33,-48.34,-57.17,-44.53,-54.73,-58.41,-54.28,2025-11-28 01:57:01+00:00
2025-11-28T01:58:02+00:00,-47.10,-59.73,-62.64,-59.32,-63.40,-49.63,-48.77,-60.42,-51.33,-44.52,-49.30,-48.34,-57.54,-44.40,-54.63,-58.56,-54.29,2025-11-28 01:58:02+00:00
2025-11-28T02:00:01+00:00,-46.96,-59.94,-61.54,-59.07,-63.36,-49.11,-48.64,-60.49,-51.17,-44.17,-49.65,-48.12,-57.04,-44.82,-54.91,-59.05,-54.19,2025-11-28 02:00:01+00:00
2025-11-28T02:01:01+00:00,-46.71,-60.01,-61.24,-58.62,-63.17,-49.05,-48.98,-60.77,-51.33,-44.11,-49.64,-47.70,-57.56,-44.45,-54.28,-57.82,-54.19,2025-11-28 02:01:01+00:00
2025-11-28T02:03:01+00:00,-47.41,-59.09,-61.11,-59.03,-62.98,-48.98,-48.53,-56.62,-51.27,-43.89,-49.34,-47.47,-57.77,-43.78,-53.92,-58.56,-54.32,2025-11-28 02:03:01+00:00
2025-11-28T02:04:01+00:00,-47.67,-59.27,-61.35,-52.57,-62.63,-49.27,-48.61,-55.68,-52.62,-44.80,-49.20,-47.68,-58.55,-42.76,-54.39,-58.85,-53.49,2025-11-28 02:04:01+00:00
2025-11-28T02:06:01+00:00,-47.55,-59.81,-61.00,-56.94,-62.21,-49.14,-48.36,-55.35,-54.14,-45.13,-49.03,-47.80,-59.21,-41.89,-54.87,-54.87,-54.27,2025-11-28 02:06:01+00:00
2025-11-28T02:07:01+00:00,-47.64,-59.09,-62.62,-59.33,-63.12,-49.45,-48.52,-59.48,-54.53,-45.68,-49.27,-47.67,-59.41,-41.63,-54.37,-56.24,-52.12,2025-11-28 02:07:01+00:00
2025-11-28T02:09:01+00:00,-47.46,-59.60,-61.21,-59.11,-63.41,-49.31,-47.99,-56.98,-54.17,-46.25,-49.27,-47.47,-59.23,-40.91,-54.72,-55.36,-53.87,2025-11-28 02:09:01+00:00
2025-11-28T02:10:01+00:00,-47.36,-59.95,-62.32,-59.23,-63.03,-49.04,-47.97,-60.63,-53.04,-46.50,-48.74,-47.69,-59.14,-41.22,-54.97,-56.40,-54.14,2025-11-28 02:10:01+00:00
2025-11-28T02:12:01+00:00,-46.45,-59.92,-61.13,-58.88,-62.74,-49.14,-48.60,-61.00,-51.47,-49.04,-48.69,-47.91,-59.27,-40.54,-55.03,-54.94,-53.66,2025-11-28 02:12:01+00:00
2025-11-28T02:13:01+00:00,-46.62,-60.46,-61.77,-58.36,-62.41,-49.06,-48.99,-60.97,-51.83,-50.48,-48.68,-48.15,-59.11,-42.13,-54.97,-55.34,-54.09,2025-11-28 02:13:01+00:00
2025-11-28T02:15:01+00:00,-46.44,-59.63,-62.80,-58.60,-62.75,-49.14,-49.41,-61.45,-46.74,-51.12,-48.99,-47.91,-58.47,-41.79,-54.77,-57.37,-52.10,2025-11-28 02:15:01+00:00
2025-11-28T02:16:01+00:00,-46.70,-60.10,-63.03,-58.48,-63.56,-48.83,-49.35,-61.07,-46.56,-50.81,-48.70,-47.42,-58.08,-41.15,-54.65,-57.86,-53.44,2025-11-28 02:16:01+00:00
2025-11-28T02:18:01+00:00,-46.61,-60.01,-63.20,-58.48,-62.62,-50.19,-49.19,-61.09,-46.67,-51.69,-48.69,-47.79,-57.90,-41.29,-54.52,-55.87,-54.03,2025-11-28 02:18:01+00:00
2025-11-28T02:19:01+00:00,-49.03,-59.97,-62.32,-58.77,-63.86,-50.06,-49.30,-61.01,-46.93,-50.97,-48.45,-47.65,-58.04,-41.19,-54.81,-55.72,-54.18,2025-11-28 02:19:01+00:00
2025-11-28T02:21:01+00:00,-49.13,-58.84,-61.66,-59.00,-62.20,-49.90,-49.23,-60.69,-47.19,-49.01,-48.89,-47.68,-58.27,-40.38,-55.15,-55.06,-54.16,2025-11-28 02:21:01+00:00
2025-11-28T02:22:01+00:00,-49.55,-59.46,-62.30,-58.84,-63.84,-49.92,-49.29,-60.73,-47.22,-48.93,-48.76,-47.81,-58.31,-39.89,-54.80,-56.07,-53.54,2025-11-28 02:22:01+00:00
2025-11-28T02:24:01+00:00,-49.85,-60.03,-61.01,-58.11,-62.52,-49.95,-49.89,-60.56,-47.60,-49.58,-48.84,-47.69,-58.24,-40.84,-54.82,-56.03,-53.58,2025-11-28 02:24:01+00:00
2025-11-28T02:26:01+00:00,-49.66,-59.50,-62.06,-58.83,-63.21,-50.44,-50.57,-59.86,-44.52,-47.56,-49.05,-47.35,-58.09,-41.09,-55.11,-54.03,-54.45,2025-11-28 02:26:01+00:00
2025-11-28T02:27:01+00:00,-49.53,-60.25,-62.02,-58.51,-62.73,-50.51,-50.30,-60.61,-44.48,-46.67,-49.38,-47.69,-58.65,-41.28,-54.73,-53.62,-54.41,2025-11-28 02:27:01+00:00
2025-11-28T02:29:01+00:00,-51.07,-60.39,-61.94,-58.17,-64.04,-50.25,-49.70,-60.89,-44.48,-46.95,-49.42,-48.20,-58.95,-41.41,-54.63,-52.73,-52.42,2025-11-28 02:29:01+00:00
2025-11-28T02:31:01+00:00,-50.87,-60.18,-62.30,-57.17,-63.71,-50.29,-49.74,-60.74,-44.75,-47.40,-49.27,-48.16,-58.47,-41.25,-54.76,-50.96,-54.54,2025-11-28 02:31:01+00:00
2025-11-28T02:32:01+00:00,-50.69,-58.15,-61.30,-57.84,-63.29,-50.21,-49.74,-60.06,-44.82,-47.72,-48.87,-47.80,-58.53,-40.33,-54.69,-52.36,-54.38,2025-11-28 02:32:01+00:00
2025-11-28T02:34:01+00:00,-50.46,-58.50,-60.52,-57.43,-62.42,-50.30,-49.66,-60.16,-45.15,-47.17,-48.68,-47.69,-58.92,-39.57,-54.73,-53.07,-53.73,2025-11-28 02:34:01+00:00
2025-11-28T02:35:01+00:00,-50.45,-59.50,-61.88,-57.96,-63.24,-50.37,-49.36,-60.61,-45.20,-47.09,-48.91,-47.97,-59.15,-39.43,-54.98,-53.60,-53.80,2025-11-28 02:35:01+00:00
2025-11-28T02:37:01+00:00,-49.13,-59.15,-61.53,-58.02,-63.61,-50.22,-49.11,-60.14,-45.25,-46.43,-49.15,-48.49,-59.73,-38.50,-54.86,-54.65,-54.52,2025-11-28 02:37:01+00:00
2025-11-28T02:38:01+00:00,-49.45,-58.25,-61.15,-57.96,-63.15,-50.19,-49.15,-59.60,-45.25,-46.56,-49.15,-48.96,-59.68,-38.98,-54.56,-53.70,-54.61,2025-11-28 02:38:01+00:00
2025-11-28T02:40:01+00:00,-49.75,-59.08,-61.62,-58.08,-62.94,-50.23,-49.39,-60.50,-45.82,-46.39,-49.37,-49.22,-59.87,-39.04,-54.59,-54.37,-52.43,2025-11-28 02:40:01+00:00
2025-11-28T02:42:01+00:00,-48.60,-59.52,-62.03,-57.88,-64.29,-50.36,-49.39,-60.52,-45.91,-47.12,-49.34,-48.73,-59.31,-39.73,-54.31,-53.87,-54.87,2025-11-28 02:42:01+00:00
2025-11-28T02:43:01+00:00,-48.71,-59.92,-61.00,-58.15,-62.88,-50.26,-49.31,-61.66,-46.05,-48.20,-49.47,-48.66,-59.57,-40.16,-54.53,-52.58,-54.75,2025-11-28 02:43:01+00:00
2025-11-28T02:45:01+00:00,-48.82,-58.98,-61.43,-58.38,-64.21,-50.34,-49.65,-61.31,-46.16,-48.23,-49.29,-49.10,-59.30,-39.68,-54.68,-50.45,-53.75,2025-11-28 02:45:01+00:00
2025-11-28T02:46:01+00:00,-49.59,-59.47,-61.33,-57.91,-63.40,-50.34,-49.71,-60.59,-46.10,-47.44,-48.88,-49.36,-59.48,-39.56,-54.76,-51.52,-53.95,2025-11-28 02:46:01+00:00
2025-11-28T02:48:01+00:00,-49.00,-59.99,-61.60,-58.26,-63.97,-49.61,-49.88,-60.94,-45.19,-47.01,-48.52,-48.95,-59.16,-39.40,-53.97,-51.73,-53.83,2025-11-28 02:48:01+00:00
2025-11-28T02:49:01+00:00,-46.70,-59.26,-60.90,-57.44,-62.89,-49.12,-50.11,-60.92,-45.15,-46.92,-48.53,-48.87,-58.90,-39.78,-53.78,-52.76,-54.57,2025-11-28 02:49:01+00:00
2025-11-28T02:51:01+00:00,-47.07,-58.46,-60.78,-58.28,-63.64,-49.20,-49.93,-60.49,-45.10,-47.51,-48.46,-48.87,-58.95,-39.67,-54.46,-56.26,-53.85,2025-11-28 02:51:01+00:00
2025-11-28T02:52:02+00:00,-46.53,-59.80,-62.21,-58.17,-64.06,-49.18,-49.68,-61.11,-45.74,-47.40,-48.47,-49.08,-58.85,-39.44,-53.72,-57.76,-53.78,2025-11-28 02:52:02+00:00
2025-11-28T02:54:01+00:00,-46.19,-59.81,-61.66,-58.10,-63.70,-49.19,-49.92,-60.60,-46.60,-48.40,-48.63,-49.14,-59.14,-40.01,-54.42,-55.82,-54.62,2025-11-28 02:54:01+00:00
2025-11-28T02:55:02+00:00,-46.61,-58.98,-60.96,-58.10,-63.41,-49.14,-49.67,-60.81,-46.59,-48.38,-48.36,-49.24,-58.52,-39.61,-54.09,-57.61,-54.47,2025-11-28 02:55:02+00:00
2025-11-28T02:57:01+00:00,-47.06,-60.25,-62.23,-57.96,-62.28,-49.19,-49.46,-60.33,-46.65,-48.81,-48.23,-49.22,-58.99,-39.44,-54.22,-57.45,-54.62,2025-11-28 02:57:01+00:00
2025-11-28T02:58:01+00:00,-47.07,-59.87,-62.39,-57.62,-63.45,-49.32,-49.18,-59.84,-46.85,-49.20,-48.10,-49.16,-59.17,-39.45,-54.55,-54.03,-54.61,2025-11-28 02:58:01+00:00
2025-11-28T03:00:01+00:00,-46.86,-59.13,-61.07,-58.09,-63.61,-49.46,-48.91,-60.58,-46.75,-50.18,-48.26,-48.79,-58.15,-38.17,-54.89,-55.51,-54.51,2025-11-28 03:00:01+00:00
2025-11-28T03:01:01+00:00,-46.85,-59.12,-61.53,-57.59,-63.00,-49.17,-49.02,-59.76,-46.71,-49.44,-48.33,-48.66,-57.58,-38.34,-54.33,-54.73,-54.45,2025-11-28 03:01:01+00:00
2025-11-28T03:03:01+00:00,-46.37,-58.46,-61.67,-57.92,-63.17,-49.20,-49.51,-60.60,-49.72,-49.22,-48.28,-48.69,-58.04,-37.83,-48.71,-56.90,-53.48,2025-11-28 03:03:01+00:00
2025-11-28T03:04:02+00:00,-46.48,-59.40,-61.41,-57.54,-62.49,-49.20,-49.75,-60.05,-50.65,-48.70,-48.23,-48.56,-58.30,-38.22,-54.25,-57.52,-54.38,2025-11-28 03:04:02+00:00
2025-11-28T03:06:01+00:00,-46.33,-60.47,-62.42,-57.33,-63.75,-48.99,-49.92,-60.41,-50.43,-49.18,-47.33,-48.42,-57.89,-39.10,-54.39,-55.91,-54.53,2025-11-28 03:06:01+00:00
2025-11-28T03:07:02+00:00,-46.32,-60.26,-61.45,-57.61,-62.51,-48.88,-50.44,-60.46,-50.38,-49.50,-48.24,-48.23,-57.45,-39.61,-54.20,-52.46,-54.44,2025-11-28 03:07:02+00:00
2025-11-28T03:09:01+00:00,-46.26,-59.95,-61.85,-57.63,-62.75,-50.07,-50.42,-60.45,-50.43,-50.12,-48.32,-48.23,-57.38,-39.91,-54.55,-50.42,-54.39,2025-11-28 03:09:01+00:00
2025-11-28T03:10:02+00:00,-46.30,-59.00,-60.44,-57.73,-63.45,-50.37,-50.14,-60.18,-49.31,-50.21,-48.62,-48.01,-57.41,-40.06,-54.34,-51.28,-54.43,2025-11-28 03:10:02+00:00
2025-11-28T03:12:01+00:00,-46.47,-58.98,-61.81,-57.94,-62.01,-50.19,-50.31,-60.01,-49.53,-50.63,-48.83,-48.01,-57.47,-40.46,-54.36,-52.39,-53.69,2025-11-28 03:12:01+00:00
2025-11-28T03:13:01+00:00,-46.25,-60.18,-61.36,-57.89,-63.75,-50.22,-50.31,-61.38,-49.48,-50.50,-48.50,-48.00,-57.65,-40.34,-54.02,-51.46,-54.31,2025-11-28 03:13:01+00:00
2025-11-28T03:15:01+00:00,-46.24,-60.11,-61.97,-57.93,-62.79,-50.23,-50.43,-61.17,-49.42,-51.32,-48.51,-48.39,-57.51,-39.94,-54.19,-52.49,-55.98,2025-11-28 03:15:01+00:00
2025-11-28T03:16:01+00:00,-46.35,-59.04,-61.28,-58.17,-63.74,-50.14,-50.50,-60.14,-49.48,-51.06,-48.49,-48.29,-57.52,-39.62,-54.60,-51.27,-54.39,2025-11-28 03:16:01+00:00
2025-11-28T03:18:01+00:00,-47.24,-59.59,-61.88,-58.12,-63.81,-49.96,-50.59,-60.38,-49.68,-51.67,-48.40,-48.11,-56.82,-38.42,-53.86,-50.42,-54.24,2025-11-28 03:18:01+00:00
2025-11-28T03:19:01+00:00,-48.94,-59.95,-62.12,-58.45,-63.41,-49.63,-51.08,-60.46,-49.39,-51.96,-48.60,-48.45,-56.67,-38.38,-54.22,-51.01,-54.66,2025-11-28 03:19:01+00:00
2025-11-28T03:21:01+00:00,-49.15,-59.77,-61.47,-58.37,-62.58,-49.65,-50.59,-60.20,-49.56,-52.27,-48.33,-49.00,-57.30,-38.54,-53.99,-50.76,-54.34,2025-11-28 03:21:01+00:00
2025-11-28T03:23:01+00:00,-50.72,-60.16,-62.83,-59.92,-63.80,-49.92,-50.25,-61.35,-49.62,-52.15,-48.67,-48.76,-56.57,-38.78,-54.22,-51.08,-54.31,2025-11-28 03:23:01+00:00
2025-11-28T03:24:01+00:00,-50.45,-58.24,-62.02,-59.25,-64.04,-49.54,-50.59,-59.85,-49.61,-52.71,-48.72,-48.72,-56.45,-38.49,-50.35,-52.18,-54.53,2025-11-28 03:24:01+00:00
2025-11-28T03:26:01+00:00,-50.44,-60.59,-61.51,-59.31,-62.12,-49.95,-51.69,-60.65,-49.65,-53.31,-48.84,-48.81,-57.07,-38.04,-54.24,-53.92,-54.66,2025-11-28 03:26:01+00:00
2025-11-28T03:27:01+00:00,-50.65,-58.37,-61.72,-59.17,-62.08,-49.91,-51.16,-59.84,-49.70,-54.15,-48.83,-48.41,-57.15,-38.01,-53.80,-55.38,-52.51,2025-11-28 03:27:01+00:00
2025-11-28T03:29:01+00:00,-49.49,-58.97,-62.31,-59.49,-63.03,-50.09,-51.58,-60.42,-49.19,-54.09,-48.71,-48.78,-57.28,-38.39,-54.25,-58.77,-53.69,2025-11-28 03:29:01+00:00
2025-11-28T03:30:01+00:00,-49.32,-60.08,-62.48,-59.45,-63.27,-50.03,-51.69,-60.62,-49.32,-53.50,-48.90,-48.80,-57.09,-38.03,-54.15,-58.36,-53.74,2025-11-28 03:30:01+00:00
2025-11-28T03:32:01+00:00,-49.70,-59.53,-62.50,-59.04,-63.66,-49.92,-51.29,-60.33,-49.26,-53.15,-48.88,-48.92,-57.16,-38.03,-54.12,-52.51,-53.82,2025-11-28 03:32:01+00:00
2025-11-28T03:33:01+00:00,-49.76,-58.64,-62.04,-59.19,-62.76,-49.30,-51.12,-60.49,-49.43,-52.86,-48.56,-49.21,-56.96,-37.57,-54.32,-53.08,-54.46,2025-11-28 03:33:01+00:00
2025-11-28T03:35:01+00:00,-49.69,-57.79,-62.15,-59.02,-62.76,-48.97,-50.93,-60.32,-51.19,-54.54,-48.36,-48.83,-57.50,-37.60,-54.33,-54.71,-53.63,2025-11-28 03:35:01+00:00
2025-11-28T06:11:01+00:00,-46.63,-58.32,-62.54,-58.73,-63.34,-46.39,-51.15,-60.33,-49.14,-43.19,-47.45,-60.72,-58.03,-42.01,-56.34,-47.04,-52.60,2025-11-28 06:11:01+00:00
2025-11-28T06:12:01+00:00,-46.72,-61.14,-60.73,-58.88,-63.72,-46.69,-51.18,-62.59,-49.26,-43.10,-47.33,-61.11,-59.30,-41.51,-56.88,-47.27,-51.89,2025-11-28 06:12:01+00:00
2025-11-28T06:14:01+00:00,-46.44,-59.86,-61.60,-57.74,-63.76,-47.14,-51.15,-61.21,-49.10,-43.02,-47.66,-59.73,-58.81,-41.10,-56.24,-46.59,-52.31,2025-11-28 06:14:01+00:00
2025-11-28T06:15:01+00:00,-46.69,-58.90,-61.63,-57.79,-63.60,-47.12,-51.24,-62.05,-49.13,-42.98,-47.44,-59.92,-59.22,-40.83,-56.41,-46.67,-53.24,2025-11-28 06:15:01+00:00
2025-11-28T06:17:01+00:00,-46.24,-60.83,-60.54,-57.22,-63.72,-47.32,-51.07,-61.28,-49.26,-43.38,-47.68,-60.66,-59.37,-40.74,-56.65,-46.17,-52.69,2025-11-28 06:17:01+00:00
2025-11-28T06:18:01+00:00,-49.43,-57.97,-61.85,-55.74,-62.75,-47.34,-51.29,-61.94,-49.31,-43.80,-47.64,-60.37,-59.67,-40.78,-57.15,-46.26,-50.92,2025-11-28 06:18:01+00:00
2025-11-28T06:20:01+00:00,-49.04,-59.55,-61.83,-53.47,-63.42,-47.55,-51.46,-61.02,-49.34,-44.90,-47.59,-60.25,-59.00,-40.38,-56.51,-46.79,-53.42,2025-11-28 06:20:01+00:00
2025-11-28T06:21:01+00:00,-48.97,-57.93,-61.49,-54.52,-62.98,-47.55,-51.57,-61.14,-49.33,-45.44,-48.17,-59.89,-58.83,-40.82,-57.20,-47.44,-52.06,2025-11-28 06:21:01+00:00
2025-11-28T06:23:01+00:00,-48.79,-58.64,-61.29,-54.59,-63.90,-47.60,-51.60,-61.10,-45.90,-46.64,-47.60,-60.15,-58.41,-40.69,-57.08,-48.45,-52.38,2025-11-28 06:23:01+00:00
2025-11-28T06:24:01+00:00,-49.05,-58.41,-61.19,-58.58,-63.57,-47.79,-51.44,-61.34,-45.92,-47.59,-47.79,-60.11,-59.26,-40.46,-56.95,-48.86,-52.33,2025-11-28 06:24:01+00:00
2025-11-28T06:26:02+00:00,-49.93,-60.76,-60.32,-57.94,-63.69,-47.91,-51.48,-60.75,-46.18,-49.19,-48.08,-58.95,-58.82,-40.36,-56.27,-49.30,-50.89,2025-11-28 06:26:02+00:00
2025-11-28T06:27:02+00:00,-49.62,-59.19,-61.61,-58.16,-64.11,-48.32,-51.66,-61.67,-46.00,-49.77,-48.35,-60.83,-58.89,-40.20,-56.35,-49.87,-52.47,2025-11-28 06:27:02+00:00
2025-11-28T06:29:01+00:00,-49.24,-63.56,-67.60,-59.40,-65.90,-46.31,-51.95,-65.69,-46.52,-50.92,-48.92,-63.51,-59.81,-39.58,-53.80,-50.16,-54.31,2025-11-28 06:29:01+00:00
2025-11-28T06:30:02+00:00,-48.84,-64.12,-65.70,-59.39,-66.42,-46.11,-52.13,-64.45,-46.47,-51.03,-49.06,-62.77,-59.73,-39.56,-48.76,-50.56,-52.78,2025-11-28 06:30:02+00:00
2025-11-28T06:32:02+00:00,-48.73,-64.88,-66.40,-59.28,-65.32,-49.58,-52.62,-65.29,-46.69,-50.68,-48.24,-62.58,-59.91,-39.83,-48.66,-51.32,-53.03,2025-11-28 06:32:02+00:00
2025-11-28T06:34:01+00:00,-49.30,-63.73,-66.94,-59.23,-66.09,-49.80,-52.38,-65.73,-46.94,-49.43,-49.08,-61.55,-59.98,-39.60,-55.41,-52.09,-57.10,2025-11-28 06:34:01+00:00
2025-11-28T06:35:01+00:00,-49.35,-62.74,-64.71,-59.74,-66.17,-49.99,-52.43,-64.96,-47.08,-48.61,-48.72,-63.56,-59.60,-39.13,-56.23,-51.76,-57.51,2025-11-28 06:35:01+00:00
2025-11-28T06:37:01+00:00,-49.95,-60.64,-64.60,-59.89,-66.53,-50.48,-52.33,-65.50,-47.21,-47.53,-48.40,-63.97,-59.58,-39.02,-57.32,-50.64,-58.07,2025-11-28 06:37:01+00:00
2025-11-28T06:38:01+00:00,-49.64,-60.41,-64.81,-59.71,-65.16,-50.60,-52.23,-64.83,-47.29,-47.02,-48.24,-62.06,-59.61,-39.11,-56.94,-49.39,-55.77,2025-11-28 06:38:01+00:00
2025-11-28T06:40:01+00:00,-48.25,-62.59,-66.37,-59.86,-65.09,-51.09,-51.70,-64.09,-47.91,-46.42,-48.42,-63.80,-59.33,-39.14,-57.05,-48.54,-57.14,2025-11-28 06:40:01+00:00
2025-11-28T06:41:01+00:00,-48.56,-60.15,-63.34,-59.48,-65.68,-51.11,-51.66,-63.30,-47.96,-46.25,-48.89,-62.82,-59.13,-39.29,-56.64,-48.42,-55.13,2025-11-28 06:41:01+00:00
2025-11-28T06:43:01+00:00,-48.97,-63.00,-66.72,-59.60,-65.94,-51.44,-52.10,-63.37,-47.89,-45.90,-49.32,-63.67,-59.59,-38.93,-57.62,-47.56,-57.09,2025-11-28 06:43:01+00:00
2025-11-28T06:44:01+00:00,-48.98,-62.71,-66.79,-59.74,-65.74,-51.55,-51.99,-63.52,-44.59,-45.84,-49.15,-63.67,-59.82,-39.01,-57.41,-47.24,-57.65,2025-11-28 06:44:01+00:00
2025-11-28T06:46:01+00:00,-48.81,-62.90,-65.11,-60.37,-65.43,-52.05,-52.31,-54.80,-44.54,-45.66,-48.94,-62.28,-58.47,-38.55,-57.72,-46.74,-56.36,2025-11-28 06:46:01+00:00
2025-11-28T06:47:01+00:00,-48.84,-63.27,-65.34,-60.05,-65.88,-52.02,-51.76,-54.18,-44.52,-46.04,-48.85,-62.89,-59.15,-38.15,-57.89,-47.34,-56.88,2025-11-28 06:47:01+00:00
2025-11-28T06:49:02+00:00,-46.45,-63.52,-65.94,-59.92,-66.02,-52.15,-51.47,-54.47,-44.66,-46.24,-49.33,-62.14,-58.79,-37.73,-57.66,-47.72,-56.61,2025-11-28 06:49:02+00:00
2025-11-28T06:50:01+00:00,-44.83,-63.85,-64.34,-61.15,-65.48,-52.27,-51.47,-56.42,-44.76,-46.04,-49.44,-59.87,-58.83,-37.55,-57.90,-47.92,-54.58,2025-11-28 06:50:01+00:00
2025-11-28T06:52:02+00:00,-47.12,-63.26,-66.54,-59.83,-66.30,-52.17,-51.46,-56.13,-45.38,-46.05,-49.38,-61.10,-58.72,-37.30,-57.50,-48.52,-57.56,2025-11-28 06:52:02+00:00
2025-11-28T06:53:02+00:00,-47.06,-62.00,-62.60,-60.18,-65.09,-52.25,-51.21,-56.57,-45.46,-45.69,-49.38,-60.47,-58.39,-37.16,-57.36,-48.80,-55.99,2025-11-28 06:53:02+00:00
2025-11-28T06:55:01+00:00,-46.52,-63.35,-65.51,-60.20,-65.65,-52.47,-51.68,-56.78,-45.61,-45.09,-50.05,-60.56,-58.84,-37.01,-57.55,-49.92,-56.64,2025-11-28 06:55:01+00:00
2025-11-28T06:56:02+00:00,-46.94,-64.11,-65.65,-60.08,-65.36,-52.42,-51.41,-56.80,-45.57,-44.71,-49.62,-60.32,-58.61,-36.91,-57.42,-49.71,-57.54,2025-11-28 06:56:02+00:00
2025-11-28T06:58:01+00:00,-46.25,-63.24,-64.92,-60.08,-65.16,-52.49,-51.66,-56.82,-45.84,-44.52,-50.46,-59.81,-58.59,-36.95,-58.03,-50.21,-55.53,2025-11-28 06:58:01+00:00
2025-11-28T06:59:01+00:00,-46.93,-64.96,-67.24,-59.96,-65.97,-52.66,-51.92,-56.90,-47.24,-48.27,-50.06,-60.15,-58.61,-36.88,-57.75,-49.79,-57.87,2025-11-28 06:59:01+00:00
2025-11-28T07:01:01+00:00,-47.89,-64.16,-65.78,-59.98,-65.37,-51.40,-52.26,-56.29,-47.61,-55.93,-50.79,-59.87,-57.12,-36.73,-56.06,-48.81,-56.04,2025-11-28 07:01:01+00:00
2025-11-28T07:03:01+00:00,-47.99,-65.68,-67.83,-60.49,-65.88,-48.51,-52.20,-56.53,-47.54,-56.22,-50.99,-60.02,-58.58,-36.57,-57.11,-48.27,-58.50,2025-11-28 07:03:01+00:00
2025-11-28T07:04:02+00:00,-48.25,-64.19,-67.53,-60.29,-66.37,-48.27,-52.08,-56.48,-47.68,-56.22,-50.83,-59.70,-58.28,-36.30,-57.44,-47.69,-56.62,2025-11-28 07:04:02+00:00
2025-11-28T07:06:01+00:00,-47.21,-64.72,-67.05,-60.37,-65.84,-47.40,-51.92,-57.72,-47.51,-55.83,-50.20,-59.37,-58.34,-36.37,-57.23,-46.18,-55.94,2025-11-28 07:06:01+00:00
2025-11-28T07:07:01+00:00,-47.70,-64.29,-66.92,-60.10,-64.86,-48.01,-51.96,-56.74,-47.44,-56.01,-50.17,-59.41,-58.35,-36.04,-57.38,-46.10,-56.79,2025-11-28 07:07:01+00:00
2025-11-28T07:09:01+00:00,-47.94,-65.43,-67.39,-60.41,-65.97,-48.01,-52.42,-56.64,-47.09,-55.94,-50.55,-59.03,-58.51,-35.76,-56.86,-46.24,-57.66,2025-11-28 07:09:01+00:00
2025-11-28T07:10:01+00:00,-48.02,-62.30,-65.87,-60.57,-66.23,-47.94,-52.45,-56.31,-47.12,-56.22,-50.39,-58.54,-58.25,-35.88,-57.07,-45.97,-56.05,2025-11-28 07:10:01+00:00
2025-11-28T07:12:01+00:00,-47.40,-66.08,-67.09,-60.21,-66.67,-47.56,-52.43,-55.43,-47.02,-56.88,-50.94,-58.74,-58.21,-35.94,-57.00,-45.27,-56.05,2025-11-28 07:12:01+00:00
2025-11-28T07:13:01+00:00,-47.46,-62.79,-66.22,-60.21,-65.52,-47.76,-52.11,-55.62,-47.22,-56.08,-50.77,-58.24,-58.24,-35.94,-56.88,-44.73,-56.40,2025-11-28 07:13:01+00:00
2025-11-28T07:15:01+00:00,-47.31,-62.84,-67.44,-58.95,-65.97,-48.01,-52.12,-55.13,-47.23,-57.16,-50.74,-58.13,-58.53,-36.02,-56.71,-44.61,-55.88,2025-11-28 07:15:01+00:00
2025-11-28T07:17:01+00:00,-47.64,-63.96,-67.20,-59.23,-65.64,-48.11,-51.48,-55.25,-52.55,-57.09,-50.78,-58.00,-58.14,-35.68,-56.25,-44.28,-55.82,2025-11-28 07:17:01+00:00
2025-11-28T07:18:01+00:00,-49.39,-59.72,-67.38,-59.02,-65.70,-51.82,-51.30,-55.13,-52.59,-57.15,-50.48,-58.06,-57.94,-35.47,-56.06,-44.13,-55.92,2025-11-28 07:18:01+00:00
2025-11-28T07:20:02+00:00,-48.98,-63.29,-63.05,-59.03,-65.17,-51.82,-50.68,-55.16,-52.72,-57.23,-51.11,-58.38,-58.13,-35.69,-55.88,-44.22,-56.57,2025-11-28 07:20:02+00:00
2025-11-28T07:21:02+00:00,-49.30,-64.94,-67.75,-58.94,-64.84,-51.97,-50.31,-55.24,-52.43,-56.92,-50.86,-58.61,-58.19,-35.89,-55.90,-43.98,-56.69,2025-11-28 07:21:02+00:00
2025-11-28T07:23:01+00:00,-46.73,-62.02,-66.91,-59.09,-65.16,-52.27,-49.63,-55.26,-52.52,-57.36,-51.99,-58.22,-58.02,-36.04,-55.99,-44.94,-54.59,2025-11-28 07:23:01+00:00
2025-11-28T07:24:02+00:00,-49.12,-61.33,-65.93,-58.95,-65.23,-52.14,-49.43,-55.28,-52.44,-57.37,-50.75,-58.15,-57.85,-36.11,-54.22,-44.86,-56.56,2025-11-28 07:24:02+00:00
2025-11-28T07:26:01+00:00,-48.52,-62.65,-67.00,-59.04,-65.93,-52.23,-49.43,-55.19,-52.42,-49.73,-49.96,-57.67,-58.33,-36.19,-54.86,-45.03,-56.28,2025-11-28 07:26:01+00:00
2025-11-28T07:27:01+00:00,-48.78,-62.87,-67.95,-59.00,-66.37,-52.36,-49.20,-55.35,-51.83,-46.48,-49.92,-57.64,-58.26,-36.21,-54.69,-44.71,-57.35,2025-11-28 07:27:01+00:00
2025-11-28T07:29:01+00:00,-48.70,-58.54,-64.17,-59.62,-64.92,-52.30,-49.17,-55.17,-51.75,-45.16,-50.40,-57.45,-58.05,-36.20,-54.83,-43.64,-55.95,2025-11-28 07:29:01+00:00
2025-11-28T07:30:01+00:00,-48.86,-60.14,-66.73,-59.99,-64.83,-52.59,-48.73,-55.24,-51.80,-44.81,-51.38,-57.53,-58.43,-36.35,-54.99,-42.88,-56.07,2025-11-28 07:30:01+00:00
2025-11-28T07:32:01+00:00,-48.65,-61.85,-65.46,-58.73,-65.93,-52.79,-48.63,-55.35,-52.01,-44.79,-50.03,-57.25,-58.31,-36.54,-54.84,-42.26,-56.65,2025-11-28 07:32:01+00:00
2025-11-28T07:33:01+00:00,-48.33,-62.17,-65.72,-58.79,-65.51,-52.71,-48.47,-55.12,-52.53,-44.86,-49.93,-57.25,-58.07,-36.63,-54.61,-42.02,-56.08,2025-11-28 07:33:01+00:00
2025-11-28T07:35:01+00:00,-49.33,-62.21,-66.20,-58.95,-66.47,-53.02,-48.53,-55.01,-52.82,-44.70,-50.23,-57.16,-58.09,-36.86,-54.56,-42.36,-56.99,2025-11-28 07:35:01+00:00
2025-11-28T07:36:01+00:00,-49.38,-63.70,-65.83,-58.69,-64.78,-53.05,-48.10,-54.68,-52.93,-44.71,-50.11,-56.97,-57.88,-36.85,-54.66,-42.14,-54.79,2025-11-28 07:36:01+00:00
2025-11-28T07:38:01+00:00,-49.39,-62.28,-65.88,-59.17,-65.64,-52.98,-48.66,-55.27,-52.69,-44.34,-51.66,-56.89,-57.99,-37.27,-54.58,-42.27,-56.18,2025-11-28 07:38:01+00:00
2025-11-28T07:39:01+00:00,-49.22,-62.47,-64.81,-58.60,-65.09,-52.97,-48.72,-55.54,-50.64,-44.15,-51.75,-56.64,-57.54,-37.07,-54.95,-42.43,-54.84,2025-11-28 07:39:01+00:00
2025-11-28T07:41:01+00:00,-50.75,-63.25,-67.17,-58.64,-65.93,-53.29,-48.75,-55.43,-50.67,-43.90,-50.55,-56.67,-58.08,-37.49,-54.88,-42.98,-56.98,2025-11-28 07:41:01+00:00
2025-11-28T07:43:01+00:00,-50.45,-62.45,-63.49,-60.96,-65.56,-53.08,-49.05,-62.01,-50.67,-43.99,-50.71,-56.03,-58.21,-38.55,-54.23,-45.22,-56.04,2025-11-28 07:43:01+00:00
2025-11-28T07:45:01+00:00,-50.46,-61.85,-66.99,-60.26,-66.34,-52.84,-49.25,-56.73,-51.06,-44.60,-50.24,-56.85,-57.89,-41.35,-54.99,-49.97,-56.24,2025-11-28 07:45:01+00:00
2025-11-28T07:46:01+00:00,-50.40,-62.99,-67.88,-59.81,-66.49,-52.78,-49.07,-56.15,-50.95,-44.56,-50.44,-56.72,-57.80,-41.36,-54.75,-49.63,-57.08,2025-11-28 07:46:01+00:00
2025-11-28T07:48:01+00:00,-47.05,-62.93,-66.14,-59.37,-66.57,-52.80,-49.23,-55.99,-50.73,-44.13,-50.42,-56.51,-58.12,-41.59,-54.71,-49.62,-56.54,2025-11-28 07:48:01+00:00
2025-11-28T07:49:01+00:00,-46.99,-62.18,-67.88,-59.24,-65.38,-52.70,-48.93,-63.16,-50.98,-44.04,-50.84,-56.57,-58.42,-41.33,-54.56,-48.19,-57.55,2025-11-28 07:49:01+00:00
2025-11-28T07:51:01+00:00,-46.99,-59.62,-68.37,-60.45,-66.23,-51.21,-49.46,-62.57,-51.04,-44.16,-50.46,-56.59,-57.86,-40.58,-54.78,-47.48,-55.88,2025-11-28 07:51:01+00:00
2025-11-28T07:52:01+00:00,-47.32,-59.26,-61.20,-59.68,-65.12,-50.68,-48.78,-59.25,-50.72,-43.93,-50.16,-56.30,-58.00,-40.59,-53.96,-47.54,-55.58,2025-11-28 07:52:01+00:00
2025-11-28T07:54:01+00:00,-47.93,-61.37,-69.00,-60.43,-65.34,-50.70,-48.55,-63.76,-50.97,-43.75,-51.00,-56.83,-58.16,-40.29,-54.70,-47.54,-57.60,2025-11-28 07:54:01+00:00
2025-11-28T07:55:01+00:00,-47.67,-63.70,-69.37,-60.38,-66.24,-50.57,-48.56,-63.06,-50.77,-43.60,-50.40,-56.72,-57.97,-40.14,-54.39,-47.87,-57.22,2025-11-28 07:55:01+00:00
2025-11-28T07:57:01+00:00,-47.90,-61.78,-69.47,-60.47,-66.00,-50.52,-48.43,-66.01,-51.50,-43.14,-50.09,-56.67,-58.19,-39.92,-54.34,-47.03,-57.26,2025-11-28 07:57:01+00:00
2025-11-28T07:58:01+00:00,-47.54,-62.10,-68.53,-60.34,-65.84,-50.31,-48.67,-65.11,-51.37,-42.74,-49.89,-56.56,-58.03,-39.83,-54.44,-46.45,-57.27,2025-11-28 07:58:01+00:00
2025-11-28T08:00:01+00:00,-47.37,-60.70,-67.37,-60.20,-66.09,-50.30,-48.46,-65.27,-51.66,-42.57,-49.34,-56.35,-58.01,-39.76,-54.85,-44.68,-56.25,2025-11-28 08:00:01+00:00
2025-11-28T08:01:01+00:00,-47.27,-59.49,-65.95,-60.83,-65.98,-50.44,-48.58,-65.44,-51.72,-42.71,-49.37,-56.44,-57.87,-39.71,-54.57,-44.62,-55.89,2025-11-28 08:01:01+00:00
2025-11-28T08:03:01+00:00,-46.61,-61.80,-69.28,-60.18,-65.75,-54.35,-48.84,-65.47,-51.19,-42.31,-49.64,-56.70,-57.79,-39.84,-54.57,-44.33,-56.41,2025-11-28 08:03:01+00:00
2025-11-28T08:05:01+00:00,-47.02,-62.33,-64.10,-60.63,-66.05,-50.34,-48.65,-64.37,-50.85,-42.21,-49.61,-56.47,-57.84,-39.80,-54.76,-44.26,-56.79,2025-11-28 08:05:01+00:00
2025-11-28T11:06:01+00:00,-46.91,-60.24,-65.13,-54.97,-65.90,-49.26,-48.98,-47.68,-54.48,-39.72,-50.72,-54.51,-56.87,-42.47,-54.93,-40.30,-56.88,2025-11-28 11:06:01+00:00
2025-11-28T11:07:01+00:00,-45.33,-59.98,-65.13,-55.11,-64.94,-49.19,-49.20,-47.75,-54.39,-39.58,-50.11,-54.52,-57.07,-42.45,-55.05,-40.00,-55.81,2025-11-28 11:07:01+00:00
2025-11-28T11:09:01+00:00,-46.50,-60.23,-63.98,-54.42,-65.86,-47.76,-49.18,-47.74,-51.69,-39.71,-50.40,-54.51,-57.07,-42.40,-54.82,-39.93,-57.94,2025-11-28 11:09:01+00:00
2025-11-28T11:11:01+00:00,-46.30,-59.97,-65.49,-54.43,-66.35,-47.86,-48.96,-47.67,-51.70,-39.61,-51.25,-54.35,-56.93,-42.18,-54.48,-39.35,-57.84,2025-11-28 11:11:01+00:00
2025-11-28T11:12:01+00:00,-46.49,-61.11,-66.21,-54.28,-66.61,-47.62,-48.86,-47.72,-51.58,-39.66,-51.20,-54.48,-57.29,-42.18,-54.72,-39.28,-58.02,2025-11-28 11:12:01+00:00
2025-11-28T11:14:01+00:00,-46.90,-60.40,-63.55,-53.94,-66.53,-47.78,-48.93,-47.70,-51.67,-39.53,-50.98,-54.25,-56.85,-42.03,-54.54,-39.53,-57.36,2025-11-28 11:14:01+00:00
2025-11-28T11:15:01+00:00,-47.22,-60.11,-62.89,-52.00,-65.73,-47.77,-48.87,-48.00,-51.90,-39.52,-51.02,-54.34,-57.05,-41.71,-54.43,-39.42,-57.56,2025-11-28 11:15:01+00:00
2025-11-28T11:17:01+00:00,-49.28,-60.72,-65.53,-53.55,-65.18,-47.74,-48.95,-48.03,-52.04,-39.69,-50.58,-54.67,-57.19,-41.85,-54.48,-39.21,-56.83,2025-11-28 11:17:01+00:00
2025-11-28T11:18:01+00:00,-49.41,-61.06,-63.50,-55.24,-65.12,-47.41,-49.10,-48.22,-52.13,-39.53,-50.89,-54.54,-57.05,-41.54,-53.68,-39.40,-57.66,2025-11-28 11:18:01+00:00
2025-11-28T11:20:01+00:00,-49.73,-60.64,-64.84,-54.54,-66.34,-47.64,-48.90,-48.34,-51.97,-39.64,-51.34,-54.64,-57.15,-41.48,-54.91,-39.70,-56.88,2025-11-28 11:20:01+00:00
2025-11-28T11:21:01+00:00,-49.27,-60.96,-64.60,-54.67,-65.66,-47.08,-48.96,-48.26,-51.95,-39.58,-52.99,-54.62,-57.04,-41.47,-54.76,-39.54,-56.49,2025-11-28 11:21:01+00:00
2025-11-28T11:23:01+00:00,-48.85,-59.74,-65.82,-52.71,-65.33,-47.59,-48.80,-48.05,-51.99,-39.47,-52.21,-54.88,-59.45,-41.51,-53.82,-39.43,-57.28,2025-11-28 11:23:01+00:00
2025-11-28T11:24:01+00:00,-48.74,-60.41,-65.24,-53.91,-65.48,-47.33,-48.71,-48.31,-51.98,-39.36,-52.11,-54.78,-57.39,-41.79,-54.77,-39.22,-57.40,2025-11-28 11:24:01+00:00
2025-11-28T11:26:01+00:00,-48.38,-60.62,-65.87,-52.04,-65.82,-47.13,-48.65,-47.64,-51.27,-39.27,-52.15,-55.05,-57.26,-41.44,-54.05,-39.07,-57.73,2025-11-28 11:26:01+00:00
2025-11-28T11:27:01+00:00,-48.15,-60.87,-67.66,-51.84,-65.78,-47.08,-48.66,-47.71,-51.21,-39.12,-50.57,-55.14,-57.23,-41.32,-54.59,-39.05,-57.77,2025-11-28 11:27:01+00:00
2025-11-28T11:29:01+00:00,-48.53,-61.59,-63.67,-50.79,-64.84,-47.59,-48.72,-47.67,-51.21,-39.16,-51.78,-55.07,-57.20,-41.58,-55.03,-38.75,-56.25,2025-11-28 11:29:01+00:00
2025-11-28T11:30:01+00:00,-48.34,-62.01,-65.86,-54.32,-65.81,-47.46,-48.78,-47.70,-51.10,-38.98,-51.91,-55.25,-57.28,-41.76,-54.41,-38.46,-57.96,2025-11-28 11:30:01+00:00
2025-11-28T11:32:01+00:00,-48.64,-62.45,-66.84,-54.25,-65.78,-47.21,-47.97,-47.91,-52.30,-38.71,-50.29,-55.21,-57.43,-41.74,-54.22,-38.53,-57.01,2025-11-28 11:32:01+00:00
2025-11-28T11:33:02+00:00,-47.54,-61.26,-66.53,-54.35,-64.73,-47.37,-48.06,-47.56,-52.51,-38.79,-50.36,-55.32,-57.08,-41.86,-53.95,-38.56,-56.81,2025-11-28 11:33:02+00:00
2025-11-28T11:35:01+00:00,-48.03,-60.89,-65.12,-55.94,-64.94,-47.13,-48.26,-48.16,-52.56,-38.70,-50.88,-55.39,-57.40,-41.97,-53.90,-38.57,-56.78,2025-11-28 11:35:01+00:00
