data,ch1,ch2,ch3,ch4,ch5,ch6,ch7,ch8,ch9,ch10,ch11,ch12,ch13,ch14,ch15,ch16
2023-07-23T09:40:01+00:00,-45.11,-58.85,-67.11,-59.88,-65.70,-51.90,-50.96,-41.10,-48.44,-43.73,-54.36,-51.59,-57.93,-50.37,-47.80,-53.96
2023-07-23T09:41:01+00:00,-45.16,-57.80,-67.27,-58.39,-66.13,-51.97,-50.94,-41.04,-48.24,-43.81,-54.35,-51.12,-57.90,-50.42,-47.52,-54.02
2023-07-23T09:42:01+00:00,-45.19,-58.42,-67.25,-58.73,-66.15,-51.99,-51.16,-41.05,-48.35,-43.71,-54.50,-50.89,-57.95,-50.39,-47.62,-53.77
2023-07-23T09:43:01+00:00,-44.96,-58.01,-66.48,-58.69,-65.60,-51.80,-50.89,-41.24,-48.22,-43.70,-54.37,-50.85,-57.90,-50.34,-47.82,-53.87
2023-07-23T09:44:01+00:00,-43.73,-57.84,-66.18,-58.68,-65.92,-51.86,-51.34,-41.11,-48.30,-43.71,-54.70,-51.04,-57.95,-50.22,-47.63,-53.99
2023-07-23T09:45:01+00:00,-43.80,-57.64,-66.06,-58.79,-66.56,-51.91,-50.94,-41.26,-48.29,-43.75,-54.14,-50.96,-57.70,-50.11,-47.88,-54.06
2023-07-23T09:46:01+00:00,-42.97,-57.82,-65.51,-58.56,-66.49,-52.03,-50.90,-41.08,-48.32,-43.76,-54.55,-50.67,-57.99,-50.27,-47.88,-53.99
2023-07-23T09:47:01+00:00,-43.00,-58.11,-65.61,-58.93,-66.27,-51.98,-50.93,-41.10,-48.40,-43.63,-54.44,-50.97,-57.88,-50.17,-47.49,-54.17
2023-07-23T09:48:01+00:00,-42.82,-58.19,-65.64,-58.50,-66.22,-52.02,-50.82,-41.16,-48.18,-43.56,-54.22,-51.19,-57.77,-50.01,-47.66,-54.51
2023-07-23T09:49:01+00:00,-42.99,-57.98,-64.52,-59.19,-67.21,-52.01,-50.96,-41.25,-48.38,-43.40,-54.19,-50.82,-57.87,-50.09,-47.57,-54.35
2023-07-23T09:50:01+00:00,-43.07,-57.73,-65.98,-59.00,-66.16,-51.93,-51.06,-41.14,-48.20,-43.53,-54.08,-51.06,-58.20,-50.05,-47.47,-54.68
2023-07-23T09:51:01+00:00,-42.96,-57.10,-66.40,-59.34,-65.74,-51.87,-50.98,-41.16,-48.48,-43.52,-54.57,-51.16,-58.30,-50.03,-47.66,-54.60
2023-07-23T09:52:01+00:00,-43.04,-57.82,-66.59,-59.15,-66.90,-51.95,-51.29,-41.27,-48.31,-43.71,-54.33,-51.28,-58.25,-50.01,-47.53,-54.61
2023-07-23T09:53:01+00:00,-43.09,-57.65,-66.86,-59.01,-66.44,-51.90,-51.02,-41.00,-48.43,-43.54,-54.04,-51.25,-58.57,-49.67,-47.64,-54.94
2023-07-23T09:54:01+00:00,-43.30,-58.12,-67.13,-58.81,-66.28,-51.84,-51.50,-40.94,-48.20,-43.56,-54.24,-51.25,-58.42,-49.74,-47.42,-55.24
2023-07-23T09:55:01+00:00,-43.02,-57.90,-66.52,-58.81,-66.24,-52.05,-51.79,-41.28,-48.25,-43.67,-54.15,-51.43,-58.33,-49.75,-47.79,-55.40
2023-07-23T09:56:01+00:00,-43.31,-57.17,-66.05,-58.70,-61.99,-52.16,-51.68,-41.08,-48.31,-43.67,-54.58,-51.43,-58.23,-49.72,-47.54,-55.01
2023-07-23T09:57:01+00:00,-43.10,-57.09,-66.25,-58.96,-65.85,-51.86,-51.60,-41.05,-48.30,-43.71,-54.33,-51.32,-58.36,-49.80,-47.64,-54.79
2023-07-23T09:58:01+00:00,-42.86,-58.17,-65.90,-58.88,-65.59,-51.87,-51.76,-41.17,-48.34,-43.74,-54.41,-51.30,-58.35,-49.61,-47.70,-55.37
2023-07-23T09:59:01+00:00,-42.95,-57.22,-65.56,-58.54,-64.93,-52.04,-51.67,-41.20,-48.28,-43.76,-54.52,-51.05,-58.31,-49.51,-47.65,-55.26
2023-07-23T10:00:01+00:00,-42.85,-57.68,-65.55,-59.12,-65.77,-51.94,-51.29,-41.13,-48.39,-43.88,-54.44,-51.21,-58.49,-49.50,-47.54,-55.09
2023-07-23T10:01:01+00:00,-43.03,-57.29,-65.63,-59.70,-67.01,-52.03,-51.55,-41.24,-48.20,-43.84,-54.45,-51.32,-58.48,-49.54,-47.85,-55.40
2023-07-23T10:02:01+00:00,-43.23,-58.09,-65.48,-59.58,-65.34,-51.85,-51.63,-41.11,-48.26,-43.72,-54.57,-51.34,-58.45,-49.29,-47.64,-54.99
2023-07-23T10:03:01+00:00,-42.54,-57.84,-65.35,-59.24,-66.06,-52.10,-51.53,-41.10,-48.35,-43.75,-54.11,-51.22,-58.02,-49.49,-47.71,-54.99
2023-07-23T10:04:01+00:00,-42.60,-58.00,-65.71,-59.87,-64.48,-51.92,-51.81,-41.02,-48.53,-43.84,-54.35,-51.14,-58.39,-49.39,-47.64,-54.64
2023-07-23T10:05:01+00:00,-43.11,-57.62,-66.75,-59.36,-66.17,-52.00,-51.75,-41.13,-48.28,-43.86,-54.31,-51.42,-58.47,-49.57,-47.76,-54.62
2023-07-23T10:06:01+00:00,-43.19,-57.68,-67.25,-60.02,-65.36,-52.01,-51.95,-40.97,-48.43,-43.99,-54.20,-51.49,-58.37,-49.36,-47.63,-54.24
2023-07-23T10:07:01+00:00,-43.16,-58.12,-67.42,-60.13,-65.29,-52.00,-52.01,-41.00,-48.27,-44.02,-53.76,-51.51,-58.63,-49.24,-47.47,-54.44
2023-07-23T10:08:01+00:00,-43.55,-57.99,-67.42,-59.94,-64.84,-51.79,-51.93,-40.83,-48.40,-44.07,-54.10,-51.44,-58.56,-49.21,-47.77,-54.59
2023-07-23T10:09:01+00:00,-43.69,-58.93,-67.39,-59.74,-67.07,-51.84,-51.95,-41.01,-48.41,-43.94,-53.95,-50.57,-58.50,-49.31,-47.48,-53.95
2023-07-23T10:10:01+00:00,-43.50,-57.86,-64.99,-59.88,-66.13,-51.86,-51.84,-41.08,-48.16,-44.02,-53.95,-51.04,-58.46,-49.16,-47.65,-54.24
2023-07-23T10:11:01+00:00,-42.97,-58.46,-65.75,-59.87,-67.08,-51.85,-52.05,-41.00,-48.31,-43.95,-53.97,-51.21,-58.63,-49.20,-47.78,-54.40
2023-07-23T10:12:01+00:00,-43.48,-57.80,-66.03,-59.95,-66.12,-51.85,-52.08,-41.02,-48.17,-44.04,-53.92,-50.29,-58.55,-49.31,-47.62,-54.28
2023-07-23T10:13:01+00:00,-43.67,-58.42,-65.86,-59.87,-67.05,-51.91,-51.93,-41.22,-48.28,-44.11,-54.48,-50.28,-58.71,-49.13,-47.72,-54.33
2023-07-23T10:14:01+00:00,-43.59,-57.76,-67.17,-59.23,-67.18,-51.81,-51.79,-41.08,-48.25,-44.13,-54.31,-51.24,-58.45,-49.29,-47.65,-54.48
2023-07-23T10:15:01+00:00,-43.59,-57.15,-64.32,-59.27,-66.67,-51.84,-51.64,-40.94,-48.05,-43.99,-54.73,-51.00,-58.42,-49.20,-47.54,-54.37
2023-07-23T10:16:01+00:00,-43.08,-57.88,-64.47,-59.02,-67.12,-52.02,-51.72,-40.93,-48.22,-44.11,-54.55,-50.85,-58.62,-49.26,-47.85,-54.61
2023-07-23T10:17:01+00:00,-43.27,-57.53,-65.35,-59.44,-66.59,-51.68,-51.66,-40.89,-48.22,-44.15,-54.54,-50.91,-58.30,-49.12,-47.93,-55.13
2023-07-23T10:18:01+00:00,-43.32,-57.71,-65.32,-59.44,-67.28,-51.96,-51.67,-40.89,-48.18,-44.01,-54.40,-51.05,-58.61,-49.11,-47.80,-55.01
2023-07-23T10:19:01+00:00,-43.83,-58.07,-65.54,-59.09,-66.96,-51.97,-51.46,-41.00,-48.21,-44.06,-54.37,-50.90,-58.54,-49.10,-47.63,-55.75
2023-07-23T10:20:01+00:00,-43.53,-57.70,-66.72,-59.08,-65.34,-51.89,-51.43,-40.95,-48.22,-44.17,-54.15,-50.61,-58.53,-48.76,-47.33,-55.73
2023-07-23T10:21:01+00:00,-43.45,-57.68,-66.94,-59.08,-66.22,-51.93,-51.71,-41.02,-48.15,-44.12,-54.39,-50.78,-58.43,-48.79,-47.70,-56.22
2023-07-23T10:22:01+00:00,-43.37,-57.67,-66.49,-59.60,-66.29,-51.86,-51.69,-40.83,-48.02,-44.22,-54.21,-51.31,-58.59,-48.72,-47.25,-56.56
2023-07-23T10:23:01+00:00,-43.58,-57.50,-66.46,-59.67,-66.06,-51.92,-51.73,-40.96,-48.18,-44.22,-54.19,-51.20,-58.46,-48.79,-47.29,-56.98
2023-07-23T10:24:01+00:00,-43.43,-57.40,-66.62,-59.62,-67.54,-51.90,-51.98,-40.88,-48.21,-44.25,-54.37,-50.76,-58.42,-48.91,-47.50,-57.11
2023-07-23T10:25:01+00:00,-43.18,-56.86,-66.52,-59.63,-66.84,-51.80,-51.83,-40.84,-48.12,-44.20,-54.25,-51.16,-58.41,-48.87,-47.11,-57.48
2023-07-23T10:26:01+00:00,-42.82,-57.82,-66.03,-59.68,-66.73,-51.78,-52.02,-40.81,-48.27,-44.27,-54.33,-52.00,-58.54,-48.69,-47.61,-57.12
2023-07-23T10:27:01+00:00,-42.80,-57.48,-67.16,-59.71,-66.87,-51.92,-52.02,-40.80,-48.16,-44.19,-53.98,-51.33,-58.42,-48.72,-47.16,-57.59
2023-07-23T10:28:01+00:00,-43.45,-57.40,-66.80,-59.07,-66.79,-51.98,-51.56,-40.97,-48.11,-44.07,-54.30,-51.02,-58.49,-48.67,-47.30,-57.85
2023-07-23T10:29:01+00:00,-43.79,-57.40,-68.04,-59.00,-66.55,-51.91,-51.64,-40.67,-48.08,-44.16,-54.37,-51.73,-58.47,-48.62,-47.25,-57.89
2023-07-23T10:30:01+00:00,-43.66,-57.69,-68.06,-59.26,-67.27,-51.87,-51.67,-40.84,-48.19,-44.11,-54.35,-51.95,-58.67,-48.54,-46.92,-58.47
2023-07-23T10:31:01+00:00,-44.63,-58.30,-68.12,-59.33,-66.33,-51.81,-51.67,-40.69,-48.17,-44.10,-54.39,-52.21,-57.58,-48.51,-47.12,-58.85
2023-07-23T10:32:01+00:00,-44.32,-57.74,-68.76,-59.01,-66.78,-52.01,-51.48,-40.80,-48.14,-44.16,-54.03,-52.49,-58.39,-48.55,-47.20,-58.73
2023-07-23T10:33:01+00:00,-44.71,-57.56,-68.64,-59.06,-66.44,-52.03,-51.31,-40.87,-48.17,-44.19,-54.14,-52.47,-58.50,-48.73,-47.16,-59.12
2023-07-23T10:34:01+00:00,-44.20,-57.80,-68.65,-59.13,-67.47,-51.88,-51.58,-40.85,-48.11,-44.19,-54.21,-52.49,-58.61,-48.34,-47.19,-59.10
2023-07-23T10:35:01+00:00,-46.15,-58.08,-68.18,-59.00,-67.06,-51.98,-51.65,-40.73,-48.24,-44.00,-54.08,-52.53,-58.55,-48.49,-46.72,-59.42
2023-07-23T10:36:01+00:00,-46.00,-57.75,-68.79,-59.00,-67.24,-52.01,-51.36,-40.95,-48.14,-44.03,-54.23,-52.49,-58.62,-48.50,-46.65,-59.25
2023-07-23T10:37:01+00:00,-45.55,-57.63,-68.71,-58.68,-66.83,-51.96,-51.50,-40.87,-48.08,-44.03,-54.30,-52.43,-58.58,-48.49,-46.70,-59.52
2023-07-23T10:38:01+00:00,-45.97,-57.81,-68.47,-59.08,-66.48,-52.07,-51.65,-40.81,-48.22,-43.96,-54.27,-52.56,-58.63,-48.41,-46.54,-59.98
2023-07-23T10:39:01+00:00,-45.73,-57.58,-68.32,-59.06,-66.40,-52.04,-51.58,-40.81,-48.21,-44.00,-54.28,-52.55,-58.53,-48.45,-46.89,-60.18
2023-07-23T10:40:01+00:00,-45.55,-57.24,-68.46,-58.83,-66.82,-51.96,-51.55,-40.91,-48.10,-44.11,-54.19,-52.54,-58.45,-48.19,-46.68,-59.00
2023-07-23T10:41:01+00:00,-44.75,-57.79,-68.41,-58.83,-67.42,-51.96,-51.73,-40.95,-48.02,-44.09,-53.98,-52.39,-58.64,-48.43,-46.66,-60.03
2023-07-23T10:42:01+00:00,-44.55,-57.05,-68.53,-58.96,-65.73,-52.06,-51.42,-40.78,-47.96,-44.04,-51.17,-52.67,-58.30,-48.40,-46.55,-59.13
2023-07-23T10:43:01+00:00,-44.82,-57.66,-68.67,-59.29,-66.34,-51.83,-51.16,-40.79,-48.04,-44.22,-51.26,-52.66,-58.23,-48.06,-46.51,-59.55
2023-07-23T10:44:01+00:00,-44.32,-57.15,-68.66,-59.03,-66.25,-51.97,-51.35,-40.98,-48.06,-44.26,-51.34,-52.72,-58.40,-48.33,-46.70,-59.50
2023-07-23T10:45:01+00:00,-44.27,-57.51,-68.16,-59.89,-66.77,-52.01,-51.65,-41.24,-48.01,-44.13,-50.68,-52.54,-58.05,-48.14,-46.57,-58.76
2023-07-23T10:46:01+00:00,-44.75,-57.53,-67.91,-60.12,-66.08,-51.84,-51.69,-41.14,-47.83,-44.20,-50.67,-52.48,-58.09,-48.17,-46.46,-59.55
2023-07-23T10:47:01+00:00,-44.23,-56.93,-66.82,-59.99,-66.67,-51.82,-51.56,-41.03,-47.80,-44.36,-50.97,-52.01,-58.31,-48.11,-46.41,-59.05
2023-07-23T10:48:01+00:00,-44.43,-57.31,-67.29,-60.02,-66.12,-51.81,-51.62,-41.21,-48.00,-44.39,-50.71,-51.85,-58.05,-47.82,-46.41,-58.97
2023-07-23T10:49:01+00:00,-44.82,-56.58,-66.84,-59.76,-66.14,-51.94,-51.73,-41.18,-47.87,-44.39,-50.61,-51.52,-58.24,-48.07,-46.46,-59.48
2023-07-23T10:50:01+00:00,-44.48,-57.22,-67.22,-60.18,-66.70,-51.75,-51.85,-41.09,-47.99,-44.29,-49.78,-51.54,-58.13,-47.77,-46.77,-59.64
2023-07-23T10:51:01+00:00,-44.34,-57.60,-67.37,-59.93,-67.61,-52.02,-51.49,-41.17,-48.18,-44.41,-49.84,-51.53,-58.24,-47.69,-46.58,-59.34
2023-07-23T10:52:01+00:00,-44.59,-57.68,-67.50,-59.93,-66.57,-51.80,-51.51,-41.23,-48.11,-44.41,-49.74,-51.47,-58.16,-47.53,-46.52,-58.68
2023-07-23T10:53:01+00:00,-44.60,-57.16,-67.44,-60.39,-65.21,-51.99,-51.48,-41.10,-47.90,-44.13,-49.60,-51.37,-58.33,-47.10,-46.03,-59.46
2023-07-23T10:54:01+00:00,-44.27,-56.53,-67.28,-60.21,-67.55,-52.17,-51.29,-41.11,-48.01,-44.15,-49.56,-51.51,-57.89,-47.13,-46.28,-59.49
2023-07-23T10:55:01+00:00,-44.34,-56.82,-67.33,-60.12,-66.79,-51.85,-51.63,-41.05,-48.20,-43.91,-49.27,-51.47,-57.49,-46.92,-45.94,-59.66
2023-07-23T10:56:01+00:00,-44.71,-56.83,-67.48,-60.29,-66.67,-51.54,-51.36,-41.10,-48.07,-44.04,-49.25,-51.56,-57.93,-46.88,-46.35,-59.48
2023-07-23T10:57:01+00:00,-44.85,-57.41,-67.67,-59.97,-66.33,-51.13,-51.52,-41.10,-48.19,-43.89,-49.22,-51.68,-57.80,-46.93,-46.62,-59.61
2023-07-23T10:58:01+00:00,-45.15,-57.22,-67.75,-60.32,-66.93,-51.35,-51.40,-40.99,-48.23,-43.86,-49.05,-51.68,-57.55,-47.13,-46.22,-59.75
2023-07-23T10:59:01+00:00,-44.86,-56.86,-67.51,-60.04,-67.00,-51.52,-51.48,-41.10,-48.01,-43.76,-48.78,-51.72,-57.74,-46.91,-46.19,-59.55
2023-07-23T11:00:01+00:00,-45.20,-56.99,-67.12,-60.35,-66.56,-51.43,-51.39,-41.07,-48.20,-43.90,-48.84,-51.91,-57.39,-47.05,-46.10,-59.64
2023-07-23T11:01:01+00:00,-44.96,-56.69,-67.61,-59.88,-65.68,-51.47,-51.50,-41.02,-48.07,-43.84,-48.71,-51.59,-57.43,-47.11,-46.12,-60.03
2023-07-23T11:02:01+00:00,-45.11,-57.18,-66.51,-60.34,-67.11,-51.47,-51.56,-41.17,-48.15,-43.96,-48.85,-51.61,-57.54,-47.06,-46.23,-60.18
2023-07-23T11:03:01+00:00,-45.26,-57.12,-66.15,-60.25,-66.30,-51.39,-51.57,-41.15,-48.17,-43.74,-48.71,-51.70,-57.61,-47.14,-45.89,-59.61
2023-07-23T11:04:01+00:00,-45.23,-56.98,-66.34,-60.44,-66.49,-51.32,-51.55,-41.09,-48.15,-43.70,-49.38,-51.73,-57.79,-47.13,-46.04,-60.21
2023-07-23T11:05:01+00:00,-45.15,-56.43,-65.99,-60.21,-66.10,-51.30,-51.46,-41.14,-48.19,-43.82,-49.12,-51.57,-57.77,-47.18,-46.12,-59.35
2023-07-23T11:06:01+00:00,-44.92,-56.99,-66.12,-59.89,-66.89,-51.43,-51.62,-41.09,-48.06,-43.81,-48.98,-51.56,-57.60,-47.27,-45.95,-59.89
2023-07-23T11:07:01+00:00,-45.43,-56.30,-65.89,-60.23,-66.60,-51.42,-51.45,-41.05,-48.10,-43.60,-49.22,-51.48,-57.74,-47.54,-46.05,-59.67
2023-07-23T11:08:01+00:00,-44.91,-56.89,-66.36,-60.27,-67.07,-51.34,-51.76,-41.14,-48.20,-43.67,-49.06,-51.68,-57.52,-47.49,-45.91,-59.80
2023-07-23T11:09:01+00:00,-44.76,-57.36,-66.41,-59.76,-66.43,-51.59,-51.52,-41.15,-48.15,-43.70,-49.19,-51.60,-57.64,-47.36,-46.03,-59.72
2023-07-23T11:10:01+00:00,-45.25,-57.03,-66.37,-60.19,-66.69,-51.29,-51.58,-41.12,-48.26,-43.50,-49.01,-51.77,-58.03,-47.45,-45.92,-59.87
2023-07-23T11:11:01+00:00,-45.48,-56.38,-66.35,-59.88,-66.50,-51.43,-51.38,-41.24,-48.27,-43.11,-49.04,-51.98,-57.65,-47.50,-46.18,-60.36
2023-07-23T11:12:01+00:00,-45.05,-56.68,-66.36,-60.21,-66.68,-51.24,-51.70,-41.21,-48.15,-42.71,-48.47,-52.14,-58.05,-47.71,-46.16,-60.53
2023-07-23T11:13:01+00:00,-44.87,-56.93,-66.27,-60.07,-66.52,-51.55,-51.84,-41.13,-48.29,-42.62,-48.03,-51.92,-57.70,-47.65,-46.41,-59.93
2023-07-23T11:14:01+00:00,-44.99,-57.49,-66.18,-59.95,-66.75,-51.34,-51.98,-41.10,-48.25,-42.64,-48.16,-51.30,-58.09,-47.77,-46.48,-60.24
2023-07-23T11:15:01+00:00,-45.19,-56.89,-67.52,-59.89,-65.99,-51.37,-51.61,-41.15,-48.45,-42.89,-49.22,-51.90,-57.89,-47.79,-46.51,-60.08
2023-07-23T11:16:01+00:00,-45.16,-58.47,-67.50,-60.09,-66.31,-51.39,-51.69,-41.24,-48.20,-43.39,-50.28,-51.82,-58.20,-47.77,-46.49,-59.76
2023-07-23T11:17:01+00:00,-45.09,-57.35,-67.80,-60.04,-67.04,-51.56,-51.80,-41.12,-48.27,-43.66,-51.40,-51.93,-58.11,-47.91,-46.68,-60.13
2023-07-23T11:18:01+00:00,-43.48,-57.29,-67.48,-60.12,-66.03,-51.40,-52.01,-41.21,-48.21,-43.88,-52.33,-51.94,-57.92,-48.14,-46.76,-60.38
2023-07-23T11:19:01+00:00,-42.10,-57.21,-67.11,-59.72,-66.88,-51.67,-51.75,-41.21,-48.20,-44.11,-53.22,-51.71,-58.03,-47.99,-46.45,-60.12
2023-07-23T11:20:01+00:00,-42.28,-58.31,-67.03,-59.74,-67.33,-51.48,-51.83,-41.20,-48.37,-44.33,-54.38,-51.47,-57.89,-48.24,-46.85,-60.44
2023-07-23T11:21:01+00:00,-42.75,-58.84,-67.02,-60.02,-65.53,-51.52,-51.93,-41.12,-48.52,-44.43,-54.82,-51.78,-57.75,-48.13,-46.82,-60.65
2023-07-23T11:22:01+00:00,-42.20,-58.30,-67.08,-59.49,-65.62,-51.43,-51.88,-41.17,-48.25,-44.23,-54.66,-51.42,-57.91,-48.12,-46.69,-60.07
2023-07-23T11:23:01+00:00,-41.73,-57.77,-67.00,-59.80,-66.00,-51.28,-51.88,-41.17,-48.21,-44.36,-54.60,-51.39,-57.87,-48.16,-46.72,-60.14
2023-07-23T11:24:01+00:00,-42.03,-58.27,-67.04,-59.58,-66.35,-51.29,-51.80,-41.07,-48.34,-44.19,-54.35,-51.50,-57.82,-48.11,-46.97,-59.58
2023-07-23T11:25:01+00:00,-42.33,-58.17,-67.34,-59.83,-66.21,-51.61,-51.70,-41.34,-48.26,-44.17,-54.65,-51.53,-57.95,-48.15,-47.02,-59.69
2023-07-23T11:26:01+00:00,-43.24,-58.24,-67.55,-59.41,-65.10,-51.43,-51.88,-41.13,-48.13,-44.28,-54.44,-51.90,-58.12,-48.17,-46.93,-59.53
2023-07-23T11:27:01+00:00,-43.35,-58.05,-67.36,-59.86,-65.94,-51.53,-51.80,-41.31,-48.34,-44.15,-54.36,-51.64,-58.09,-47.95,-46.63,-59.31
2023-07-23T11:28:01+00:00,-43.63,-58.92,-67.64,-59.88,-66.10,-51.41,-51.84,-41.14,-48.26,-44.03,-54.48,-51.76,-57.93,-48.19,-46.52,-59.28
2023-07-23T11:29:01+00:00,-43.49,-58.53,-67.95,-60.11,-66.72,-51.38,-51.97,-41.25,-48.19,-44.10,-54.36,-52.29,-58.09,-48.23,-46.70,-59.09
2023-07-23T11:30:01+00:00,-44.15,-59.19,-68.42,-60.17,-67.41,-51.42,-51.97,-41.08,-48.32,-44.06,-54.47,-52.73,-57.93,-48.00,-46.69,-59.05
2023-07-23T11:31:01+00:00,-43.89,-58.72,-68.54,-59.86,-65.98,-51.45,-51.93,-41.05,-48.38,-44.08,-54.47,-52.73,-58.03,-48.05,-46.75,-58.82
2023-07-23T11:32:01+00:00,-44.08,-58.12,-68.13,-59.88,-67.04,-51.50,-51.72,-41.20,-48.43,-44.09,-54.45,-52.72,-58.03,-48.00,-46.84,-58.75
2023-07-23T11:33:01+00:00,-44.00,-58.79,-68.41,-59.59,-65.79,-51.40,-51.60,-41.23,-48.51,-43.93,-54.29,-52.72,-57.94,-48.28,-46.54,-58.57
2023-07-23T11:34:01+00:00,-43.27,-58.99,-68.51,-59.72,-67.00,-51.29,-51.71,-41.27,-48.41,-43.97,-54.37,-52.83,-58.03,-48.18,-47.14,-58.86
2023-07-23T11:35:01+00:00,-43.24,-58.31,-68.34,-59.71,-66.67,-51.33,-51.58,-41.17,-48.49,-44.09,-54.58,-52.77,-57.88,-48.38,-47.10,-58.67
2023-07-23T11:36:01+00:00,-43.43,-58.92,-68.26,-60.33,-66.51,-51.38,-51.61,-41.23,-48.38,-43.98,-54.55,-52.83,-57.92,-48.04,-47.01,-58.20
2023-07-23T11:37:01+00:00,-43.18,-59.13,-68.27,-60.06,-66.57,-51.26,-51.52,-41.33,-48.37,-43.93,-54.55,-52.86,-57.78,-48.12,-47.01,-58.09
2023-07-23T11:38:01+00:00,-43.25,-59.25,-68.20,-60.14,-65.93,-51.41,-51.83,-41.29,-48.40,-43.98,-54.32,-52.75,-58.11,-48.13,-47.01,-58.54
2023-07-23T11:39:01+00:00,-43.11,-58.85,-68.68,-59.90,-66.57,-51.81,-51.95,-41.27,-48.43,-43.93,-54.39,-52.75,-58.56,-48.09,-46.84,-58.85
2023-07-23T11:40:01+00:00,-43.65,-59.09,-68.57,-60.44,-66.62,-51.99,-51.71,-41.19,-48.36,-43.92,-54.28,-52.82,-58.48,-48.16,-46.89,-58.74
2023-07-23T11:41:01+00:00,-42.92,-58.18,-68.73,-60.49,-67.74,-51.95,-51.64,-41.31,-48.27,-43.84,-54.28,-52.70,-58.40,-48.06,-46.72,-58.45
2023-07-23T11:42:01+00:00,-42.88,-58.43,-68.62,-60.24,-66.61,-52.03,-51.36,-41.20,-48.15,-43.89,-54.46,-52.80,-58.39,-48.16,-47.06,-58.56
2023-07-23T11:43:01+00:00,-42.82,-59.22,-68.68,-59.88,-66.23,-51.87,-51.41,-41.06,-48.16,-43.78,-54.33,-52.76,-58.49,-48.03,-46.57,-59.03
2023-07-23T11:44:01+00:00,-42.51,-59.56,-68.77,-59.99,-67.60,-52.07,-51.52,-41.21,-48.13,-43.79,-54.13,-52.79,-58.37,-48.15,-46.67,-58.63
2023-07-23T11:45:01+00:00,-42.69,-58.86,-68.64,-59.64,-67.22,-51.91,-51.20,-41.14,-48.22,-43.70,-54.09,-52.73,-58.36,-48.18,-46.74,-58.96
2023-07-23T11:46:01+00:00,-42.42,-58.71,-68.90,-59.88,-65.94,-51.99,-51.46,-41.22,-48.26,-43.67,-54.25,-52.81,-58.28,-48.18,-46.90,-59.39
2023-07-23T11:47:01+00:00,-43.69,-58.44,-68.54,-59.76,-66.44,-52.04,-51.31,-41.22,-48.28,-43.79,-54.24,-52.76,-58.19,-48.13,-46.68,-59.63
2023-07-23T11:48:01+00:00,-43.61,-58.71,-68.52,-59.96,-66.41,-51.91,-51.28,-41.22,-48.35,-43.72,-54.24,-52.67,-58.27,-48.22,-46.51,-59.72
2023-07-23T11:49:01+00:00,-42.99,-58.51,-67.40,-59.64,-66.83,-52.02,-51.16,-41.20,-48.34,-43.79,-53.46,-52.86,-57.88,-48.20,-46.64,-59.03
2023-07-23T11:50:01+00:00,-42.78,-58.91,-68.42,-59.76,-65.54,-52.07,-51.42,-41.11,-48.19,-43.61,-53.29,-52.83,-58.14,-48.09,-46.87,-59.66
2023-07-23T11:51:01+00:00,-43.21,-59.21,-68.43,-60.20,-66.02,-52.01,-51.38,-41.36,-48.32,-43.86,-53.26,-52.87,-58.31,-48.25,-46.86,-59.36
2023-07-23T11:52:01+00:00,-43.22,-59.40,-67.22,-60.05,-66.42,-51.95,-51.31,-41.17,-48.40,-43.82,-51.79,-52.79,-58.40,-48.18,-46.83,-58.71
2023-07-23T11:53:01+00:00,-43.15,-58.62,-67.53,-59.90,-66.51,-52.01,-51.38,-41.03,-48.41,-43.71,-51.79,-52.82,-58.23,-48.16,-46.83,-59.24
2023-07-23T11:54:01+00:00,-43.11,-58.42,-67.98,-59.78,-66.35,-52.02,-51.37,-41.15,-48.42,-43.73,-51.68,-52.84,-58.27,-48.23,-46.55,-59.32
2023-07-23T11:55:01+00:00,-43.30,-59.05,-67.80,-60.06,-66.80,-51.99,-51.25,-41.20,-48.45,-43.60,-52.03,-53.01,-58.15,-48.03,-46.76,-59.01
2023-07-23T11:56:01+00:00,-43.39,-59.15,-68.54,-60.26,-66.55,-51.93,-51.47,-41.04,-48.45,-43.60,-52.85,-52.88,-58.35,-48.03,-46.77,-59.44
2023-07-23T11:57:01+00:00,-43.23,-58.79,-68.40,-60.00,-66.13,-51.96,-51.37,-41.08,-48.26,-43.81,-52.64,-52.84,-58.27,-48.12,-46.63,-59.41
2023-07-23T11:58:01+00:00,-43.21,-58.58,-68.33,-59.90,-66.89,-51.90,-51.52,-41.16,-48.35,-43.75,-52.78,-52.80,-57.93,-48.26,-46.77,-59.53
2023-07-23T11:59:01+00:00,-42.70,-58.48,-68.10,-59.93,-66.65,-51.90,-51.54,-40.99,-48.41,-43.54,-52.77,-52.84,-57.90,-47.87,-46.89,-60.06
2023-07-23T12:00:01+00:00,-43.13,-58.24,-67.93,-59.81,-66.14,-51.93,-51.42,-41.09,-48.28,-43.56,-52.83,-52.84,-57.90,-47.87,-46.73,-59.67
2023-07-23T12:01:01+00:00,-43.35,-58.44,-67.93,-59.88,-65.87,-51.97,-51.43,-41.07,-48.42,-43.68,-52.67,-52.87,-57.93,-47.97,-46.72,-59.71
2023-07-23T12:02:01+00:00,-42.95,-58.95,-67.99,-60.33,-66.12,-52.00,-51.44,-41.19,-48.31,-43.75,-52.85,-52.78,-58.04,-47.77,-46.62,-59.48
2023-07-23T12:03:01+00:00,-42.60,-58.61,-68.05,-60.05,-65.45,-52.00,-51.43,-41.11,-48.35,-43.43,-52.63,-52.80,-58.10,-47.78,-46.88,-59.73
2023-07-23T12:04:01+00:00,-42.75,-58.66,-68.29,-60.15,-66.35,-51.94,-51.57,-40.96,-48.35,-43.75,-52.64,-52.87,-57.98,-47.64,-46.64,-59.57
2023-07-23T12:05:01+00:00,-43.20,-59.37,-68.35,-59.89,-65.32,-51.76,-51.09,-41.27,-48.40,-43.85,-52.88,-52.93,-58.06,-47.71,-46.92,-59.18
2023-07-23T12:06:01+00:00,-43.13,-59.55,-68.32,-59.96,-66.07,-51.85,-51.04,-41.15,-48.39,-43.89,-52.48,-52.79,-57.81,-47.81,-46.59,-59.42
2023-07-23T12:07:01+00:00,-42.78,-59.74,-68.47,-60.05,-65.56,-51.95,-50.94,-41.15,-48.41,-43.94,-52.91,-52.90,-57.87,-47.75,-46.69,-59.02
2023-07-23T12:08:01+00:00,-42.94,-59.24,-68.47,-59.98,-67.08,-51.92,-51.03,-41.11,-48.35,-43.98,-52.56,-52.91,-58.01,-47.75,-46.37,-58.83
2023-07-23T12:09:01+00:00,-42.83,-57.76,-68.51,-60.27,-65.82,-51.89,-50.95,-41.21,-48.43,-44.00,-52.33,-52.80,-57.94,-47.77,-46.37,-59.57
2023-07-23T12:10:01+00:00,-42.86,-57.26,-68.30,-60.06,-66.82,-51.86,-50.88,-41.08,-48.26,-43.89,-52.25,-52.82,-57.95,-47.56,-46.66,-59.42
2023-07-23T12:11:01+00:00,-43.59,-58.92,-68.41,-60.11,-66.70,-51.76,-50.86,-41.19,-48.42,-43.98,-52.30,-52.94,-57.95,-47.55,-46.34,-58.96
2023-07-23T12:12:01+00:00,-43.72,-58.74,-68.30,-60.05,-65.96,-51.90,-50.86,-40.99,-48.48,-43.98,-52.29,-52.91,-57.79,-47.42,-46.17,-59.00
2023-07-23T12:13:01+00:00,-43.29,-58.63,-68.25,-60.13,-66.31,-51.94,-50.88,-41.16,-48.50,-43.93,-52.02,-52.96,-57.92,-47.32,-46.35,-59.63
2023-07-23T12:14:01+00:00,-43.24,-58.24,-68.33,-59.99,-65.81,-51.95,-51.14,-41.21,-48.37,-43.98,-52.14,-52.84,-58.21,-47.39,-46.40,-59.61
2023-07-23T12:15:01+00:00,-43.10,-54.98,-68.09,-60.01,-67.29,-51.90,-50.86,-41.11,-48.24,-43.81,-52.26,-52.95,-58.00,-47.15,-46.41,-59.25
2023-07-23T12:16:01+00:00,-43.21,-56.45,-67.99,-60.05,-66.12,-51.81,-53.00,-41.26,-48.32,-43.95,-52.16,-52.80,-57.74,-47.30,-46.27,-59.02
2023-07-23T12:17:01+00:00,-43.19,-58.01,-68.22,-59.81,-65.52,-51.98,-50.96,-41.22,-48.35,-43.94,-52.09,-53.02,-57.88,-47.30,-46.44,-58.80
2023-07-23T12:18:01+00:00,-43.47,-58.25,-68.16,-60.16,-65.58,-51.80,-51.00,-41.15,-48.37,-43.81,-52.11,-52.87,-58.00,-47.46,-46.43,-59.42
2023-07-23T12:19:01+00:00,-43.48,-57.85,-68.05,-60.17,-66.52,-51.95,-50.87,-41.22,-48.30,-43.69,-52.05,-52.86,-57.91,-47.37,-46.64,-59.23
2023-07-23T12:20:01+00:00,-43.36,-58.27,-68.25,-60.29,-66.19,-51.90,-50.93,-41.16,-48.37,-43.55,-51.86,-52.85,-57.95,-47.56,-46.40,-58.87
2023-07-23T12:21:01+00:00,-43.83,-57.97,-68.23,-60.15,-66.15,-51.92,-50.84,-41.20,-48.54,-43.57,-51.62,-52.91,-57.69,-47.56,-46.72,-58.87
2023-07-23T12:22:01+00:00,-43.39,-58.98,-68.27,-60.15,-66.05,-51.92,-50.99,-41.18,-48.33,-43.51,-51.46,-52.90,-57.96,-47.73,-46.52,-58.78
2023-07-23T12:23:01+00:00,-44.22,-57.82,-68.28,-60.13,-65.91,-51.82,-50.96,-41.25,-48.53,-43.59,-51.47,-52.75,-57.95,-47.57,-46.66,-58.85
2023-07-23T12:24:01+00:00,-43.93,-57.83,-67.82,-60.12,-66.12,-51.92,-50.81,-41.09,-48.48,-43.67,-51.45,-52.87,-57.92,-47.67,-46.44,-58.19
2023-07-23T12:25:01+00:00,-44.23,-57.51,-68.05,-59.80,-65.46,-51.90,-50.97,-41.10,-48.48,-43.72,-51.64,-52.91,-58.00,-47.78,-46.59,-58.63
2023-07-23T12:26:01+00:00,-43.88,-57.59,-67.81,-59.98,-66.15,-51.83,-50.92,-41.22,-48.38,-43.51,-51.33,-52.77,-57.92,-47.83,-46.40,-58.37
2023-07-23T12:27:01+00:00,-43.44,-58.79,-67.77,-60.03,-66.66,-51.74,-51.01,-41.23,-48.43,-43.59,-51.23,-52.95,-57.90,-47.91,-46.33,-57.86
2023-07-23T12:28:01+00:00,-43.90,-58.37,-67.77,-60.12,-66.11,-51.87,-50.89,-41.11,-48.31,-43.42,-51.31,-52.93,-57.91,-47.76,-46.41,-58.71
2023-07-23T12:29:01+00:00,-43.86,-58.52,-67.82,-60.03,-66.91,-51.80,-50.88,-41.16,-48.50,-43.34,-51.49,-52.75,-58.08,-47.61,-46.45,-58.16
2023-07-23T12:30:01+00:00,-43.31,-58.51,-67.75,-60.22,-65.95,-51.94,-50.85,-41.11,-48.42,-43.54,-51.63,-52.79,-58.13,-47.85,-46.57,-57.85
2023-07-23T12:31:01+00:00,-38.46,-58.74,-68.26,-60.07,-66.33,-51.94,-50.80,-41.05,-48.46,-43.40,-51.34,-52.84,-58.16,-47.52,-46.47,-58.25
2023-07-23T12:32:01+00:00,-39.22,-58.11,-67.86,-60.20,-66.69,-51.78,-50.89,-41.09,-48.42,-43.58,-51.35,-52.73,-57.99,-47.67,-46.41,-57.95
2023-07-23T12:33:01+00:00,-39.28,-58.76,-68.16,-60.20,-66.40,-51.91,-50.68,-41.14,-48.51,-43.29,-51.47,-52.87,-57.85,-47.59,-46.64,-57.59
2023-07-23T12:34:01+00:00,-39.18,-58.08,-68.18,-60.21,-66.50,-51.90,-50.90,-41.07,-48.56,-43.23,-51.13,-52.76,-57.93,-47.74,-46.50,-57.61
2023-07-23T12:35:02+00:00,-38.92,-57.83,-68.16,-60.34,-66.19,-51.97,-50.83,-41.06,-48.51,-43.44,-51.39,-52.66,-57.91,-47.65,-46.52,-57.72
2023-07-23T12:36:01+00:00,-38.77,-58.01,-68.25,-59.99,-66.30,-51.78,-51.01,-40.90,-48.37,-43.30,-51.12,-52.78,-58.17,-47.51,-46.40,-57.30
2023-07-23T12:37:01+00:00,-38.90,-57.84,-68.13,-60.22,-65.95,-51.85,-51.03,-41.13,-48.46,-43.45,-51.15,-52.64,-58.02,-47.38,-46.53,-57.50
2023-07-23T12:38:01+00:00,-38.94,-58.19,-68.28,-60.28,-66.18,-51.68,-51.00,-41.12,-48.50,-43.55,-51.16,-52.72,-57.94,-47.26,-46.47,-57.79
2023-07-23T12:39:01+00:00,-38.88,-58.23,-68.13,-60.24,-66.71,-51.84,-51.07,-40.96,-48.39,-43.31,-51.05,-52.60,-57.96,-47.24,-46.38,-57.37
2023-07-23T12:40:01+00:00,-39.00,-58.35,-68.35,-60.14,-66.30,-51.97,-51.11,-41.02,-48.44,-43.41,-51.00,-52.65,-57.84,-47.42,-46.16,-56.80
2023-07-23T12:41:01+00:00,-38.79,-58.02,-68.17,-60.16,-65.96,-51.88,-50.93,-41.11,-48.34,-43.30,-51.26,-52.74,-57.86,-47.33,-46.40,-57.27
2023-07-23T12:42:01+00:00,-38.78,-58.57,-68.32,-60.18,-65.91,-51.83,-51.05,-40.89,-48.46,-43.51,-51.14,-52.67,-57.89,-47.58,-46.27,-57.07
2023-07-23T12:43:01+00:00,-38.78,-59.46,-68.22,-60.02,-66.00,-52.07,-51.09,-40.98,-48.32,-43.57,-51.32,-52.71,-58.02,-47.42,-46.41,-56.63
2023-07-23T12:44:01+00:00,-38.91,-59.21,-68.51,-60.20,-66.15,-51.92,-51.08,-40.97,-48.34,-43.40,-51.03,-52.78,-57.91,-47.34,-46.18,-57.00
2023-07-23T12:45:01+00:00,-38.92,-58.56,-68.34,-60.25,-67.20,-51.81,-51.01,-41.23,-48.41,-43.40,-51.03,-52.70,-57.86,-47.54,-46.30,-56.92
2023-07-23T12:46:01+00:00,-39.10,-59.61,-68.26,-59.96,-66.14,-51.87,-51.04,-40.99,-48.39,-43.56,-51.38,-52.82,-57.94,-47.82,-46.25,-57.10
2023-07-23T12:47:02+00:00,-38.84,-59.04,-68.36,-59.97,-67.01,-51.82,-51.08,-41.09,-48.30,-43.25,-51.24,-52.69,-57.72,-47.79,-46.15,-57.25
2023-07-23T12:48:01+00:00,-38.95,-58.83,-68.28,-60.02,-66.32,-51.85,-50.85,-41.07,-48.39,-43.36,-51.26,-52.75,-58.07,-47.83,-46.01,-57.17
2023-07-23T12:49:01+00:00,-38.87,-59.07,-68.48,-60.06,-66.69,-51.93,-50.73,-41.05,-48.59,-43.22,-51.33,-52.74,-57.76,-47.99,-45.94,-56.74
2023-07-23T12:50:01+00:00,-38.76,-58.92,-68.34,-60.22,-65.76,-51.89,-50.78,-41.04,-48.53,-43.41,-51.42,-52.77,-57.74,-48.02,-45.80,-57.01
2023-07-23T12:51:01+00:00,-38.69,-58.01,-67.98,-59.90,-66.68,-51.85,-50.99,-41.04,-48.47,-43.05,-51.36,-52.77,-57.77,-48.01,-45.92,-57.04
2023-07-23T12:52:01+00:00,-38.80,-57.97,-68.49,-60.07,-65.99,-52.00,-50.59,-41.12,-48.40,-43.39,-51.16,-52.72,-57.77,-48.26,-46.20,-56.80
2023-07-23T12:53:01+00:00,-38.85,-57.70,-68.25,-60.06,-66.72,-51.99,-50.73,-41.16,-48.39,-43.43,-51.14,-52.66,-57.66,-48.26,-45.99,-56.76
2023-07-23T12:54:01+00:00,-38.94,-56.75,-68.23,-60.25,-66.34,-51.87,-50.62,-41.13,-48.33,-43.30,-51.26,-52.69,-57.54,-48.22,-45.88,-57.24
2023-07-23T12:55:01+00:00,-38.78,-56.01,-68.26,-59.76,-65.43,-51.85,-50.80,-41.06,-48.42,-43.07,-51.09,-52.72,-57.74,-48.45,-46.18,-56.53
2023-07-23T12:56:01+00:00,-38.79,-56.77,-68.16,-60.06,-66.64,-51.94,-50.65,-41.26,-48.46,-43.40,-51.23,-52.89,-57.76,-48.59,-46.14,-56.24
2023-07-23T12:57:01+00:00,-38.86,-56.23,-68.23,-59.92,-66.98,-52.00,-50.77,-41.28,-48.52,-43.15,-51.21,-52.81,-57.83,-48.63,-46.23,-56.25
2023-07-23T12:58:01+00:00,-38.86,-55.84,-68.09,-60.17,-66.60,-51.77,-50.67,-41.32,-48.47,-43.17,-51.04,-52.81,-57.98,-48.43,-46.41,-55.99
2023-07-23T12:59:01+00:00,-38.82,-56.82,-68.25,-60.18,-66.27,-51.78,-50.79,-41.23,-48.35,-43.25,-51.15,-52.83,-57.88,-48.76,-46.34,-56.80
2023-07-23T13:00:01+00:00,-38.85,-55.87,-68.27,-60.21,-66.32,-51.82,-50.71,-41.18,-48.34,-43.39,-50.94,-52.87,-57.70,-48.63,-46.30,-56.13
2023-07-23T13:01:01+00:00,-38.90,-56.30,-68.30,-59.87,-66.37,-51.76,-50.56,-41.26,-48.33,-43.26,-51.26,-52.81,-57.49,-48.62,-46.32,-56.08
2023-07-23T13:02:01+00:00,-38.93,-56.17,-68.24,-60.02,-66.68,-51.75,-50.43,-41.40,-48.34,-43.28,-51.04,-52.78,-57.60,-48.79,-46.47,-55.85
2023-07-23T13:03:01+00:00,-38.93,-55.70,-68.31,-59.98,-66.19,-51.92,-50.47,-41.30,-48.38,-43.44,-51.08,-52.77,-57.65,-48.91,-46.39,-55.90
2023-07-23T13:04:01+00:00,-38.94,-55.68,-68.18,-60.09,-65.66,-51.95,-50.43,-41.29,-48.40,-43.62,-50.98,-52.79,-57.46,-48.96,-46.45,-55.77
2023-07-23T13:05:01+00:00,-38.99,-55.72,-68.41,-60.04,-66.93,-51.89,-50.37,-41.28,-48.44,-43.29,-51.12,-52.87,-57.45,-49.04,-46.26,-55.39
2023-07-23T13:06:01+00:00,-38.81,-55.49,-68.41,-60.03,-66.81,-51.77,-50.30,-41.17,-48.49,-43.59,-51.07,-52.85,-57.54,-48.95,-46.35,-55.51
2023-07-23T13:07:01+00:00,-38.98,-55.56,-68.36,-59.92,-66.29,-51.74,-50.51,-41.34,-48.47,-43.49,-51.17,-52.80,-57.54,-48.94,-46.32,-55.76
2023-07-23T13:08:01+00:00,-38.94,-55.65,-68.21,-60.23,-66.47,-51.85,-50.46,-41.31,-48.24,-43.38,-51.22,-52.91,-57.61,-49.29,-46.45,-55.61
2023-07-23T13:09:01+00:00,-38.90,-55.95,-68.59,-59.97,-66.24,-51.95,-50.49,-41.32,-48.32,-43.47,-50.90,-52.79,-57.69,-49.17,-46.40,-55.88
2023-07-23T13:10:01+00:00,-38.89,-56.08,-68.40,-60.08,-66.59,-51.81,-50.34,-41.38,-48.18,-43.46,-50.98,-53.00,-57.65,-49.15,-46.18,-55.79
2023-07-23T13:11:01+00:00,-38.93,-55.85,-68.44,-60.11,-66.22,-51.77,-50.31,-41.27,-48.26,-43.51,-51.34,-52.72,-57.50,-49.15,-46.21,-55.81
2023-07-23T13:12:01+00:00,-38.97,-55.95,-68.33,-59.95,-65.60,-51.91,-50.16,-41.40,-48.53,-43.43,-51.29,-52.88,-57.50,-49.38,-46.63,-55.85
2023-07-23T13:13:01+00:00,-39.03,-55.76,-68.28,-59.93,-65.34,-51.73,-50.18,-41.47,-48.49,-43.30,-51.37,-52.77,-57.35,-49.18,-46.07,-55.60
2023-07-23T13:14:01+00:00,-39.06,-56.05,-68.23,-60.25,-66.58,-51.88,-50.27,-41.27,-48.34,-43.41,-51.19,-52.82,-57.61,-49.46,-46.51,-55.82
2023-07-23T13:15:01+00:00,-38.98,-55.32,-68.33,-60.15,-67.17,-51.68,-50.13,-41.30,-48.32,-43.41,-51.28,-52.96,-57.56,-49.46,-46.40,-55.96
2023-07-23T13:16:01+00:00,-38.94,-55.70,-68.39,-60.04,-66.04,-51.71,-50.22,-41.33,-48.30,-43.42,-51.27,-53.14,-56.03,-49.48,-46.74,-55.73
2023-07-23T13:17:01+00:00,-38.95,-55.40,-67.34,-60.21,-66.74,-51.83,-50.31,-41.36,-48.46,-43.39,-51.18,-52.76,-56.08,-49.77,-46.65,-56.26
2023-07-23T13:18:01+00:00,-39.01,-56.09,-67.26,-60.19,-66.51,-51.67,-50.17,-41.45,-48.38,-43.15,-51.17,-52.79,-55.68,-49.59,-46.70,-55.92
2023-07-23T13:19:01+00:00,-38.98,-55.43,-67.28,-59.89,-66.14,-51.97,-50.08,-41.46,-48.37,-43.24,-51.05,-52.92,-55.57,-49.58,-46.78,-56.33
2023-07-23T13:20:01+00:00,-39.08,-55.53,-67.73,-59.98,-65.90,-51.93,-50.05,-41.32,-48.39,-43.07,-51.18,-52.97,-55.60,-49.75,-46.44,-56.41
2023-07-23T13:21:01+00:00,-38.94,-55.42,-67.94,-60.04,-65.85,-51.82,-49.97,-41.34,-48.51,-43.25,-51.41,-52.98,-55.28,-49.79,-46.82,-56.19
2023-07-23T13:22:01+00:00,-39.03,-55.80,-67.79,-59.95,-66.35,-51.81,-50.13,-41.43,-48.56,-43.24,-51.37,-53.12,-54.75,-49.79,-46.79,-55.89
2023-07-23T13:23:01+00:00,-38.93,-56.33,-67.96,-59.92,-66.78,-51.67,-49.84,-41.37,-48.45,-43.23,-51.18,-53.00,-54.48,-49.74,-46.59,-56.21
2023-07-23T13:24:01+00:00,-38.95,-55.81,-67.91,-59.92,-66.45,-51.71,-49.90,-41.28,-48.41,-43.18,-51.31,-52.85,-54.20,-49.77,-47.15,-55.83
2023-07-23T13:25:01+00:00,-39.01,-55.59,-67.82,-59.74,-65.96,-51.88,-49.96,-41.09,-48.34,-43.18,-51.24,-53.10,-54.23,-50.01,-46.65,-56.58
2023-07-23T13:26:01+00:00,-39.05,-55.22,-67.76,-59.68,-66.79,-51.70,-50.21,-41.31,-48.45,-43.12,-51.24,-52.87,-54.05,-49.92,-46.57,-55.75
2023-07-23T13:27:01+00:00,-39.10,-55.52,-68.31,-59.77,-67.02,-51.89,-50.19,-41.29,-48.41,-43.14,-51.15,-53.01,-53.88,-49.81,-46.80,-55.83
2023-07-23T13:28:01+00:00,-39.03,-55.78,-68.12,-59.65,-66.68,-51.73,-50.42,-41.38,-48.39,-43.29,-51.11,-52.96,-54.05,-50.16,-47.02,-56.21
2023-07-23T13:29:02+00:00,-38.96,-55.38,-68.03,-59.82,-66.68,-51.79,-50.10,-41.48,-48.46,-43.30,-51.31,-52.94,-53.77,-50.22,-46.92,-56.17
2023-07-23T13:30:01+00:00,-38.99,-55.87,-68.09,-59.91,-67.04,-51.65,-50.15,-41.38,-48.35,-43.17,-51.26,-52.96,-54.03,-50.15,-46.87,-55.80
2023-07-23T13:31:01+00:00,-39.04,-55.47,-67.87,-60.04,-66.07,-51.71,-50.09,-41.32,-48.34,-43.42,-51.14,-52.87,-54.19,-50.37,-46.88,-55.42
2023-07-23T13:32:01+00:00,-38.98,-55.77,-67.77,-59.71,-66.38,-51.72,-49.91,-41.43,-48.46,-43.20,-51.25,-52.89,-54.14,-50.35,-46.88,-55.68
2023-07-23T13:33:01+00:00,-38.97,-55.64,-68.09,-59.71,-66.39,-51.69,-49.97,-41.47,-48.41,-43.25,-51.02,-52.91,-53.77,-50.55,-46.99,-54.94
2023-07-23T13:34:01+00:00,-38.93,-55.84,-68.17,-59.87,-67.15,-51.87,-50.03,-41.21,-48.40,-43.08,-51.31,-52.92,-53.87,-50.56,-46.88,-55.26
2023-07-23T13:35:01+00:00,-38.44,-55.98,-68.17,-59.71,-66.52,-51.65,-50.22,-41.37,-48.39,-42.95,-51.17,-52.89,-53.76,-50.45,-47.02,-54.97
2023-07-23T13:36:01+00:00,-38.82,-55.98,-68.15,-59.69,-65.84,-51.66,-50.20,-41.42,-48.33,-43.12,-51.07,-52.93,-53.86,-50.63,-47.10,-54.59
2023-07-23T13:37:01+00:00,-38.75,-56.48,-68.03,-59.79,-66.98,-51.80,-50.23,-41.52,-48.45,-43.06,-51.30,-52.73,-53.65,-50.67,-46.99,-54.37
2023-07-23T13:38:01+00:00,-38.74,-55.85,-68.05,-59.75,-66.62,-51.75,-50.29,-41.42,-48.29,-43.30,-51.24,-52.94,-53.93,-50.69,-47.16,-54.62
2023-07-23T13:39:01+00:00,-38.67,-56.30,-67.89,-59.77,-66.24,-51.75,-50.63,-41.36,-48.36,-43.25,-51.07,-52.92,-53.98,-50.79,-46.94,-54.25
2023-07-23T13:40:01+00:00,-38.59,-55.89,-67.93,-59.79,-66.82,-51.68,-50.09,-41.41,-48.45,-43.34,-51.16,-52.95,-54.29,-51.09,-47.32,-54.35
2023-07-23T13:41:01+00:00,-38.67,-55.94,-67.92,-59.72,-66.60,-51.90,-50.37,-41.47,-48.46,-43.11,-51.16,-52.92,-54.46,-50.92,-47.36,-54.27
2023-07-23T13:42:01+00:00,-38.62,-56.00,-68.21,-59.80,-66.60,-51.82,-50.07,-41.48,-48.46,-43.22,-50.82,-52.79,-54.18,-51.14,-47.26,-53.99
2023-07-23T13:43:01+00:00,-38.68,-55.90,-67.96,-59.65,-66.63,-51.75,-50.12,-41.51,-48.46,-43.36,-50.93,-53.03,-54.35,-51.07,-47.34,-54.25
2023-07-23T13:44:01+00:00,-38.67,-56.49,-68.02,-59.64,-66.57,-51.78,-50.07,-41.42,-48.49,-43.25,-51.01,-52.97,-54.43,-50.84,-47.54,-53.51
2023-07-23T13:45:01+00:00,-38.66,-56.51,-68.00,-59.51,-66.73,-51.76,-50.20,-41.42,-48.43,-43.23,-51.07,-52.93,-54.51,-51.17,-47.38,-53.59
2023-07-23T13:46:01+00:00,-38.71,-55.83,-68.13,-59.58,-67.09,-51.89,-50.41,-41.52,-48.41,-43.42,-51.10,-53.07,-54.79,-51.20,-47.37,-53.39
2023-07-23T13:47:01+00:00,-38.65,-55.96,-67.83,-59.53,-66.64,-51.61,-50.25,-41.42,-48.54,-43.24,-51.17,-52.98,-54.71,-51.30,-47.34,-53.44
2023-07-23T13:48:01+00:00,-38.73,-56.62,-68.23,-59.51,-67.17,-51.81,-50.17,-41.48,-48.41,-43.27,-51.17,-53.08,-54.79,-51.65,-47.67,-53.26
2023-07-23T13:49:01+00:00,-38.70,-55.90,-67.93,-59.87,-66.63,-51.79,-50.06,-41.39,-48.43,-43.20,-51.11,-53.05,-54.83,-51.66,-47.42,-53.40
2023-07-23T13:50:01+00:00,-38.80,-55.92,-68.11,-59.65,-65.59,-51.70,-50.25,-41.55,-48.40,-43.39,-51.19,-52.97,-55.08,-51.62,-47.56,-53.52
2023-07-23T13:51:01+00:00,-38.23,-55.96,-68.03,-59.79,-66.49,-51.65,-50.35,-41.68,-48.44,-43.30,-51.00,-52.95,-55.11,-51.74,-47.51,-53.40
2023-07-23T13:52:01+00:00,-37.98,-55.87,-68.03,-59.54,-66.03,-51.78,-50.46,-41.64,-48.31,-43.20,-51.04,-53.13,-55.27,-51.84,-47.42,-53.03
2023-07-23T13:53:01+00:00,-38.16,-55.92,-67.84,-59.56,-66.27,-51.66,-50.48,-41.59,-48.48,-43.34,-51.18,-53.15,-55.43,-51.99,-47.45,-53.28
2023-07-23T13:54:01+00:00,-38.10,-56.10,-68.28,-59.46,-66.05,-51.80,-50.79,-41.50,-48.49,-43.32,-51.19,-53.03,-55.44,-51.89,-47.53,-53.03
2023-07-23T13:55:01+00:00,-38.32,-56.38,-68.11,-59.59,-65.80,-51.56,-50.50,-41.60,-48.47,-43.37,-51.18,-53.08,-55.29,-51.95,-48.02,-53.44
2023-07-23T13:56:01+00:00,-38.38,-56.64,-68.23,-59.48,-65.06,-51.67,-50.55,-41.59,-48.31,-43.31,-51.13,-52.96,-55.37,-52.03,-47.65,-53.21
2023-07-23T13:57:01+00:00,-38.30,-56.51,-67.99,-59.31,-65.74,-51.67,-50.51,-41.59,-48.45,-43.23,-50.98,-52.99,-55.45,-52.25,-47.84,-52.74
2023-07-23T13:58:01+00:00,-38.52,-56.15,-68.08,-59.25,-64.85,-51.73,-50.53,-41.76,-48.47,-43.37,-51.40,-53.05,-55.35,-52.34,-47.98,-53.13
2023-07-23T13:59:01+00:00,-38.23,-56.51,-68.19,-59.43,-66.85,-51.65,-49.93,-41.65,-48.41,-43.33,-51.31,-52.97,-55.57,-52.40,-47.87,-52.67
2023-07-23T14:00:01+00:00,-38.63,-56.26,-68.22,-59.24,-66.27,-51.51,-50.20,-41.63,-48.26,-43.40,-50.99,-53.02,-55.62,-52.22,-47.89,-52.18
2023-07-23T14:01:01+00:00,-38.23,-56.69,-68.28,-59.38,-66.47,-51.76,-50.41,-41.41,-48.43,-43.32,-51.20,-52.97,-55.79,-52.17,-47.93,-52.31
2023-07-23T14:02:01+00:00,-38.53,-57.26,-68.23,-59.38,-66.62,-51.83,-50.39,-41.50,-48.40,-43.10,-51.02,-53.17,-55.79,-52.13,-48.18,-52.42
2023-07-23T14:03:01+00:00,-38.44,-57.08,-67.99,-59.11,-66.22,-51.70,-50.33,-41.59,-48.45,-43.22,-50.93,-53.25,-55.53,-52.31,-48.12,-52.47
2023-07-23T14:04:01+00:00,-38.40,-56.64,-68.06,-58.98,-66.98,-51.68,-50.19,-41.53,-48.29,-43.28,-51.00,-53.26,-55.88,-52.06,-48.14,-51.95
2023-07-23T14:05:02+00:00,-38.52,-57.22,-67.85,-59.27,-66.01,-51.76,-50.50,-41.61,-48.39,-43.37,-50.82,-53.08,-56.31,-52.22,-48.09,-52.15
2023-07-23T14:06:01+00:00,-38.40,-56.36,-68.14,-59.21,-66.19,-51.68,-50.32,-41.44,-48.42,-43.19,-51.05,-53.24,-55.99,-52.22,-48.16,-51.88
2023-07-23T14:07:01+00:00,-38.59,-57.90,-67.92,-59.04,-66.33,-51.67,-50.19,-41.46,-48.29,-43.12,-51.01,-53.22,-56.21,-52.52,-48.23,-51.56
2023-07-23T14:08:01+00:00,-38.48,-57.72,-67.84,-59.04,-66.38,-51.53,-50.31,-41.45,-48.27,-43.29,-51.08,-53.13,-56.67,-52.43,-48.07,-51.68
2023-07-23T14:09:01+00:00,-38.55,-57.29,-68.05,-59.32,-66.83,-51.60,-50.27,-41.43,-48.37,-43.09,-50.92,-52.97,-56.36,-52.66,-48.56,-51.39
2023-07-23T14:10:01+00:00,-38.66,-57.69,-68.14,-59.25,-66.08,-51.76,-50.43,-41.56,-48.38,-42.98,-51.12,-53.10,-56.92,-52.84,-48.50,-51.23
2023-07-23T14:11:01+00:00,-38.54,-58.41,-68.00,-58.79,-67.05,-51.61,-50.35,-41.50,-48.36,-43.10,-51.13,-53.26,-56.72,-52.94,-48.54,-51.16
2023-07-23T14:12:01+00:00,-38.61,-58.12,-67.98,-59.04,-67.06,-51.71,-50.40,-41.47,-48.25,-43.13,-51.11,-53.43,-56.62,-52.94,-48.46,-50.82
2023-07-23T14:13:01+00:00,-38.62,-59.23,-68.06,-59.02,-66.36,-51.72,-50.35,-41.68,-48.36,-42.90,-51.11,-53.24,-56.56,-53.09,-48.48,-51.11
2023-07-23T14:14:01+00:00,-38.63,-57.90,-68.09,-58.54,-66.83,-51.63,-50.32,-41.54,-48.24,-43.08,-50.87,-53.33,-56.75,-53.21,-48.59,-50.94
2023-07-23T14:15:01+00:00,-38.62,-58.16,-67.92,-58.46,-67.02,-51.61,-50.28,-41.52,-48.26,-42.88,-50.98,-53.26,-56.60,-53.19,-48.64,-51.31
2023-07-23T14:16:01+00:00,-38.59,-58.59,-68.12,-58.48,-66.70,-51.72,-50.69,-41.62,-48.38,-43.06,-50.90,-53.34,-56.74,-53.39,-48.21,-51.16
2023-07-23T14:17:01+00:00,-38.69,-58.76,-68.18,-58.38,-66.62,-51.60,-50.83,-41.56,-48.34,-43.06,-50.79,-53.37,-56.56,-53.47,-48.57,-51.09
2023-07-23T14:18:01+00:00,-38.64,-58.64,-68.56,-58.43,-67.70,-51.60,-50.83,-41.54,-48.31,-43.07,-50.76,-53.36,-56.80,-53.32,-48.46,-51.15
2023-07-23T14:19:01+00:00,-38.56,-58.18,-68.43,-58.07,-66.91,-51.65,-50.89,-41.50,-48.53,-43.09,-50.70,-53.24,-57.05,-53.16,-48.44,-50.88
2023-07-23T14:20:01+00:00,-38.59,-58.26,-68.42,-58.62,-66.64,-53.35,-50.96,-41.49,-48.31,-43.08,-50.59,-53.29,-56.96,-53.29,-48.66,-51.19
2023-07-23T14:21:01+00:00,-38.60,-58.29,-68.47,-58.53,-66.16,-50.53,-50.83,-41.49,-48.42,-43.07,-50.51,-53.41,-57.12,-53.28,-48.58,-50.71
2023-07-23T14:22:01+00:00,-38.08,-59.53,-68.21,-58.56,-66.81,-50.53,-50.97,-41.54,-48.35,-43.06,-49.95,-53.26,-57.13,-53.41,-48.54,-51.20
2023-07-23T14:23:01+00:00,-38.04,-59.13,-68.20,-58.62,-67.11,-50.45,-50.78,-41.51,-48.42,-43.33,-49.96,-53.52,-57.26,-52.93,-48.46,-50.86
2023-07-23T14:24:01+00:00,-37.95,-58.95,-68.17,-58.37,-66.26,-50.40,-50.93,-41.46,-48.39,-43.17,-49.95,-53.29,-57.33,-52.89,-48.30,-51.23
2023-07-23T14:25:01+00:00,-38.05,-59.22,-68.04,-58.43,-66.34,-50.51,-51.11,-41.44,-48.36,-43.26,-49.93,-53.10,-57.35,-52.77,-48.46,-51.50
2023-07-23T14:26:01+00:00,-38.33,-58.01,-67.85,-58.36,-66.42,-50.42,-50.74,-41.56,-48.43,-42.92,-50.23,-53.27,-57.37,-52.12,-48.14,-51.71
2023-07-23T14:27:01+00:00,-38.45,-58.76,-68.15,-58.22,-65.99,-50.46,-50.79,-41.37,-48.44,-43.20,-50.00,-53.27,-57.35,-52.07,-48.07,-51.52
2023-07-23T14:28:01+00:00,-38.52,-59.07,-68.14,-58.19,-66.79,-50.60,-51.19,-41.50,-48.30,-43.18,-50.19,-53.19,-57.52,-51.96,-47.94,-51.87
2023-07-23T14:29:01+00:00,-38.66,-58.76,-67.91,-58.46,-66.52,-50.42,-51.09,-41.31,-48.40,-43.12,-50.13,-53.22,-57.20,-51.76,-47.86,-51.79
2023-07-23T14:30:01+00:00,-38.43,-58.30,-68.25,-58.46,-66.36,-50.59,-51.11,-41.37,-48.42,-43.20,-50.12,-53.28,-57.45,-51.80,-48.19,-51.77
2023-07-23T14:31:01+00:00,-38.39,-58.60,-68.07,-58.74,-66.77,-50.45,-51.03,-41.27,-48.44,-43.10,-50.03,-53.31,-57.27,-51.52,-48.16,-52.05
2023-07-23T14:32:01+00:00,-38.34,-59.21,-68.18,-58.27,-66.13,-50.56,-50.93,-41.20,-48.49,-43.10,-50.17,-53.41,-57.17,-51.55,-48.01,-52.34
2023-07-23T14:33:01+00:00,-38.53,-59.51,-68.33,-58.44,-66.32,-50.36,-50.99,-41.21,-48.39,-43.19,-49.92,-53.06,-57.27,-51.42,-47.89,-52.23
2023-07-23T14:34:01+00:00,-38.31,-59.64,-68.12,-58.21,-66.00,-50.55,-51.37,-41.27,-48.38,-43.31,-49.85,-53.25,-57.28,-51.48,-47.77,-52.66
2023-07-23T14:35:01+00:00,-38.43,-59.65,-67.84,-58.22,-66.73,-50.53,-50.84,-41.31,-48.43,-43.08,-50.07,-53.28,-57.37,-51.40,-47.67,-52.43
2023-07-23T14:36:01+00:00,-38.31,-58.73,-68.34,-58.27,-66.49,-50.59,-50.93,-41.27,-48.39,-43.14,-50.08,-53.23,-57.50,-51.35,-47.55,-53.31
2023-07-23T14:37:01+00:00,-38.31,-58.91,-68.23,-58.19,-66.19,-50.54,-50.99,-41.35,-48.49,-43.05,-50.00,-53.36,-57.26,-51.42,-47.86,-53.14
2023-07-23T14:38:01+00:00,-38.42,-59.98,-68.34,-57.99,-66.38,-50.43,-50.96,-41.36,-48.28,-42.99,-49.91,-53.20,-57.23,-51.43,-47.55,-53.04
2023-07-23T14:39:01+00:00,-38.24,-60.00,-68.31,-58.23,-66.63,-50.29,-50.85,-41.29,-48.30,-42.99,-49.99,-53.27,-57.42,-51.36,-47.72,-53.42
2023-07-23T14:40:01+00:00,-38.42,-60.07,-68.33,-57.78,-67.01,-50.29,-50.40,-41.29,-48.28,-43.19,-50.08,-53.38,-56.79,-51.61,-47.67,-53.47
2023-07-23T14:41:01+00:00,-38.21,-60.13,-67.90,-57.87,-66.20,-50.38,-50.64,-41.42,-48.28,-43.14,-49.80,-53.47,-57.04,-51.50,-47.78,-53.67
2023-07-23T14:42:01+00:00,-38.13,-59.83,-68.27,-57.65,-67.25,-50.46,-50.71,-41.38,-48.24,-43.13,-49.64,-53.36,-56.75,-51.31,-47.55,-53.09
2023-07-23T14:43:01+00:00,-38.01,-60.55,-68.30,-57.54,-66.91,-50.42,-50.63,-41.31,-48.32,-43.09,-49.71,-53.22,-56.94,-51.55,-47.78,-53.48
2023-07-23T14:44:01+00:00,-38.45,-60.50,-68.38,-57.53,-66.80,-50.35,-50.91,-41.43,-48.48,-43.10,-49.85,-53.39,-56.58,-51.38,-47.75,-53.66
2023-07-23T14:45:01+00:00,-38.38,-60.06,-68.05,-57.29,-65.83,-50.50,-50.85,-41.40,-48.36,-43.17,-49.78,-53.23,-56.63,-51.51,-47.54,-53.34
2023-07-23T14:46:01+00:00,-38.37,-60.22,-68.25,-57.23,-66.92,-58.61,-50.80,-41.33,-48.31,-43.19,-49.93,-53.29,-56.57,-51.61,-47.78,-53.50
2023-07-23T14:47:01+00:00,-38.53,-61.28,-68.03,-57.26,-66.57,-53.53,-50.76,-41.27,-48.19,-43.10,-49.82,-53.33,-56.46,-51.57,-47.70,-53.15
2023-07-23T14:48:01+00:00,-38.42,-60.73,-68.14,-57.45,-67.65,-51.56,-50.34,-41.38,-48.05,-43.06,-49.95,-53.15,-56.67,-51.54,-47.80,-53.24
2023-07-23T14:49:01+00:00,-38.44,-60.68,-68.21,-57.67,-66.01,-51.74,-50.70,-41.43,-48.17,-43.19,-49.89,-53.30,-56.64,-51.65,-48.08,-53.50
2023-07-23T14:50:01+00:00,-38.44,-60.28,-68.32,-57.71,-66.88,-51.71,-50.83,-41.38,-48.12,-43.17,-49.71,-53.25,-56.67,-51.64,-48.01,-53.19
2023-07-23T14:51:01+00:00,-38.44,-61.00,-68.41,-57.30,-66.32,-51.66,-51.01,-41.18,-48.20,-43.11,-49.65,-53.42,-56.59,-51.54,-47.86,-53.34
2023-07-23T14:52:01+00:00,-38.48,-61.11,-68.31,-57.43,-66.26,-51.60,-51.00,-41.51,-48.16,-43.11,-49.70,-53.65,-56.48,-51.58,-47.85,-53.77
2023-07-23T14:53:01+00:00,-38.48,-60.78,-68.43,-57.37,-65.98,-51.71,-51.01,-41.35,-48.21,-43.10,-49.67,-53.54,-56.52,-51.63,-47.80,-53.69
2023-07-23T14:54:01+00:00,-38.45,-61.28,-68.17,-57.46,-66.23,-51.78,-50.60,-41.43,-48.13,-43.23,-49.69,-53.48,-56.29,-51.18,-47.82,-54.01
2023-07-23T14:55:01+00:00,-38.19,-61.83,-68.46,-57.38,-66.46,-51.75,-50.82,-41.32,-48.26,-43.12,-49.64,-53.56,-56.55,-50.47,-47.07,-55.12
2023-07-23T14:56:01+00:00,-38.04,-60.99,-68.43,-56.99,-66.80,-51.85,-51.03,-41.22,-48.48,-43.22,-49.60,-53.27,-56.45,-49.96,-47.28,-56.06
2023-07-23T14:57:01+00:00,-38.06,-61.32,-68.57,-57.01,-65.73,-51.83,-50.92,-41.15,-48.21,-43.46,-49.57,-53.42,-56.35,-49.17,-46.77,-55.99
2023-07-23T14:58:01+00:00,-38.22,-61.57,-68.39,-56.23,-65.71,-51.92,-50.99,-41.05,-48.30,-43.51,-49.39,-53.18,-56.35,-49.12,-46.74,-56.92
2023-07-23T14:59:01+00:00,-38.18,-60.76,-68.45,-55.98,-66.60,-51.86,-50.56,-41.17,-48.27,-43.57,-49.44,-53.17,-56.65,-49.05,-46.57,-57.46
2023-07-23T15:00:01+00:00,-38.30,-61.41,-68.18,-55.65,-66.67,-51.86,-50.87,-41.20,-48.23,-43.54,-49.44,-53.27,-56.64,-49.00,-46.85,-57.93
2023-07-23T15:01:01+00:00,-38.50,-60.73,-68.38,-56.86,-66.85,-51.87,-50.89,-41.08,-48.26,-43.46,-49.43,-53.33,-56.83,-48.85,-46.63,-57.74
2023-07-23T15:02:01+00:00,-38.27,-61.09,-68.11,-56.38,-67.29,-51.85,-51.14,-41.26,-48.27,-43.48,-49.53,-53.12,-56.71,-49.01,-46.60,-57.38
2023-07-23T15:03:01+00:00,-38.51,-60.41,-68.22,-55.93,-66.46,-51.78,-51.11,-41.25,-48.26,-43.28,-49.54,-53.43,-56.72,-49.29,-46.64,-57.41
2023-07-23T15:04:01+00:00,-38.42,-61.57,-68.34,-55.19,-66.44,-51.76,-51.13,-41.33,-48.16,-43.27,-49.72,-53.35,-56.79,-49.34,-46.94,-56.88
2023-07-23T15:05:01+00:00,-38.42,-61.59,-68.32,-53.68,-66.39,-51.81,-51.29,-41.29,-48.34,-43.24,-49.58,-53.25,-57.51,-49.34,-46.66,-57.18
2023-07-23T15:06:01+00:00,-38.28,-61.84,-68.21,-54.62,-66.08,-51.72,-51.23,-41.36,-48.21,-43.18,-49.78,-53.54,-57.68,-49.58,-46.92,-56.69
2023-07-23T15:07:01+00:00,-37.68,-62.47,-68.41,-54.69,-66.89,-51.68,-51.04,-41.47,-48.21,-43.32,-49.84,-53.50,-57.83,-49.65,-46.90,-56.19
2023-07-23T15:08:01+00:00,-37.75,-63.08,-68.36,-55.16,-66.56,-51.85,-51.05,-41.50,-48.12,-43.33,-49.83,-53.34,-57.59,-49.92,-46.95,-56.55
2023-07-23T15:09:01+00:00,-37.79,-62.57,-68.58,-53.77,-66.61,-51.65,-51.11,-41.45,-48.29,-43.22,-49.93,-53.60,-57.63,-50.14,-47.10,-55.84
2023-07-23T15:10:01+00:00,-37.70,-62.37,-68.45,-53.81,-65.80,-51.49,-51.16,-41.19,-48.11,-42.99,-49.85,-53.31,-57.67,-50.23,-46.99,-56.03
2023-07-23T15:11:01+00:00,-37.84,-63.10,-68.21,-54.09,-65.31,-51.66,-51.24,-41.21,-48.11,-43.02,-49.71,-53.39,-57.78,-50.52,-46.85,-55.65
2023-07-23T15:12:01+00:00,-37.73,-63.46,-68.27,-53.68,-66.62,-51.59,-51.72,-41.31,-48.01,-43.09,-49.59,-53.47,-57.45,-50.31,-46.89,-55.77
2023-07-23T15:13:01+00:00,-37.95,-62.92,-68.51,-53.25,-66.71,-51.60,-51.54,-41.28,-48.10,-42.82,-49.64,-53.48,-57.77,-50.65,-46.89,-55.08
2023-07-23T15:14:01+00:00,-37.85,-63.18,-68.29,-53.07,-66.55,-51.54,-51.38,-41.51,-48.01,-42.77,-49.90,-53.57,-57.81,-50.68,-47.38,-54.45
2023-07-23T15:15:01+00:00,-37.98,-63.32,-68.33,-53.18,-66.65,-51.57,-51.37,-41.41,-48.13,-43.07,-49.74,-53.68,-57.94,-51.27,-47.55,-54.54
2023-07-23T15:16:01+00:00,-37.86,-63.18,-68.29,-52.55,-66.36,-51.57,-51.49,-41.21,-48.12,-42.85,-49.94,-53.71,-57.71,-51.43,-47.34,-53.90
2023-07-23T15:17:01+00:00,-37.90,-63.06,-68.40,-52.63,-66.24,-51.58,-51.63,-41.39,-47.98,-42.96,-49.90,-53.74,-57.72,-51.53,-47.49,-53.60
2023-07-23T15:18:01+00:00,-38.00,-62.48,-68.34,-52.17,-66.56,-51.82,-51.51,-41.46,-48.15,-43.03,-49.91,-53.77,-57.84,-51.95,-47.80,-53.44
2023-07-23T15:19:01+00:00,-38.03,-62.93,-68.30,-52.67,-65.30,-51.58,-51.53,-41.42,-48.18,-42.89,-50.08,-53.72,-58.06,-52.21,-47.74,-53.28
2023-07-23T15:20:01+00:00,-37.94,-62.62,-68.21,-52.18,-66.04,-51.57,-51.55,-41.48,-48.06,-43.10,-49.98,-53.82,-57.41,-52.45,-47.95,-53.26
2023-07-23T15:21:01+00:00,-38.09,-61.72,-68.25,-52.02,-66.46,-51.47,-51.66,-41.45,-47.97,-42.94,-49.76,-53.77,-57.54,-52.69,-47.85,-52.80
2023-07-23T15:22:02+00:00,-37.91,-62.77,-68.18,-51.91,-66.32,-51.51,-51.61,-41.39,-48.14,-42.81,-49.78,-53.80,-57.10,-53.04,-48.27,-52.41
2023-07-23T15:23:01+00:00,-38.05,-63.05,-68.25,-51.98,-67.03,-51.59,-51.10,-41.46,-48.20,-42.71,-49.83,-53.93,-56.05,-53.23,-48.00,-52.37
2023-07-23T15:24:01+00:00,-37.99,-62.12,-68.12,-51.72,-66.33,-51.45,-51.20,-41.53,-47.97,-42.59,-50.09,-53.84,-55.55,-53.56,-47.87,-52.13
2023-07-23T15:25:01+00:00,-38.22,-62.72,-68.44,-52.60,-66.49,-51.38,-51.24,-41.57,-47.96,-42.72,-49.97,-53.85,-56.08,-53.71,-48.31,-52.10
2023-07-23T15:26:01+00:00,-38.12,-62.73,-66.44,-52.59,-66.15,-51.54,-50.60,-41.44,-47.43,-42.78,-49.91,-53.82,-55.92,-54.14,-48.43,-52.12
2023-07-23T15:27:01+00:00,-38.24,-63.27,-66.39,-52.27,-65.64,-51.51,-50.81,-41.76,-48.01,-42.78,-49.54,-53.84,-55.97,-54.08,-48.51,-51.74
2023-07-23T15:28:01+00:00,-38.16,-63.09,-66.79,-52.12,-65.88,-51.39,-50.66,-41.61,-48.01,-42.45,-49.56,-53.91,-56.09,-54.48,-48.43,-51.54
2023-07-23T15:29:01+00:00,-38.17,-62.06,-66.89,-50.92,-65.67,-51.62,-50.90,-41.71,-48.05,-42.69,-49.54,-54.08,-55.72,-54.78,-48.60,-51.24
2023-07-23T15:30:01+00:00,-38.06,-61.78,-66.86,-50.93,-66.57,-51.44,-50.83,-41.58,-48.05,-42.73,-49.57,-53.92,-56.14,-54.96,-48.76,-51.48
2023-07-23T15:31:01+00:00,-38.13,-62.87,-67.05,-49.86,-64.92,-51.55,-50.73,-41.74,-48.14,-42.65,-49.67,-53.95,-56.53,-55.13,-48.53,-51.17
2023-07-23T15:32:01+00:00,-38.17,-62.67,-66.61,-51.63,-65.63,-51.44,-50.54,-41.65,-48.03,-42.63,-49.81,-54.06,-57.31,-55.35,-48.56,-50.92
2023-07-23T15:33:01+00:00,-38.10,-62.25,-66.74,-52.03,-66.74,-51.49,-50.57,-41.64,-47.91,-42.45,-49.52,-54.18,-56.77,-55.68,-48.81,-50.69
2023-07-23T15:34:01+00:00,-38.21,-63.10,-66.70,-52.18,-65.78,-51.49,-50.75,-41.71,-48.02,-42.54,-49.57,-54.20,-57.36,-55.95,-48.78,-50.77
2023-07-23T15:35:01+00:00,-38.10,-62.25,-66.58,-51.43,-66.91,-51.36,-50.83,-41.63,-47.91,-42.61,-49.56,-54.25,-57.47,-56.42,-49.10,-50.59
2023-07-23T15:36:01+00:00,-38.16,-61.46,-67.67,-52.41,-66.05,-51.46,-50.97,-41.68,-48.10,-42.65,-49.26,-54.28,-57.84,-56.92,-48.89,-50.51
2023-07-23T15:37:01+00:00,-38.16,-61.28,-68.27,-51.45,-65.83,-48.88,-43.45,-41.67,-48.13,-42.55,-49.49,-54.32,-57.85,-57.20,-49.17,-50.50
2023-07-23T15:38:01+00:00,-38.50,-61.27,-68.07,-51.44,-65.42,-48.66,-42.95,-41.86,-47.99,-42.51,-49.13,-54.22,-57.91,-57.69,-49.19,-50.26
2023-07-23T15:39:01+00:00,-38.45,-61.23,-65.67,-50.28,-65.94,-48.84,-42.94,-41.79,-47.66,-42.23,-48.29,-54.06,-57.64,-58.05,-49.36,-49.93
2023-07-23T15:40:01+00:00,-38.52,-61.42,-57.81,-49.85,-66.51,-49.02,-43.11,-41.89,-47.66,-42.35,-48.23,-53.90,-57.73,-58.20,-49.31,-49.91
2023-07-23T15:41:01+00:00,-38.47,-59.92,-65.89,-50.04,-66.59,-48.63,-43.10,-41.91,-47.90,-41.97,-47.33,-54.10,-57.79,-58.40,-49.44,-50.06
2023-07-23T15:42:01+00:00,-38.40,-61.15,-66.06,-50.03,-66.35,-48.64,-43.17,-41.86,-47.97,-41.98,-47.42,-54.11,-57.96,-59.09,-49.68,-49.93
2023-07-23T15:43:01+00:00,-38.43,-61.17,-66.21,-50.76,-66.25,-48.95,-43.26,-41.96,-48.04,-41.35,-45.25,-54.30,-57.71,-59.53,-49.61,-49.99
2023-07-23T15:44:01+00:00,-38.42,-61.75,-66.21,-51.05,-65.75,-48.81,-43.20,-41.92,-48.08,-41.48,-46.06,-54.43,-57.71,-59.79,-49.71,-49.80
2023-07-23T15:45:01+00:00,-38.38,-61.15,-66.10,-51.19,-66.37,-48.78,-43.18,-41.83,-48.05,-41.87,-46.77,-54.45,-57.91,-60.24,-49.90,-49.88
2023-07-23T15:46:01+00:00,-38.46,-61.69,-66.37,-50.48,-66.61,-48.61,-43.23,-41.75,-48.13,-41.79,-46.72,-54.50,-57.74,-60.70,-49.92,-49.43
2023-07-23T15:47:01+00:00,-38.43,-60.40,-66.22,-51.29,-66.38,-49.09,-43.26,-41.74,-48.06,-41.74,-46.50,-54.61,-57.71,-60.94,-50.07,-49.33
2023-07-23T15:48:01+00:00,-38.53,-60.70,-68.47,-49.87,-65.47,-49.15,-43.21,-42.06,-48.16,-42.01,-46.97,-55.02,-58.11,-61.42,-50.77,-49.35
2023-07-23T15:49:01+00:00,-38.61,-61.00,-68.27,-50.13,-65.97,-49.16,-43.34,-42.27,-48.16,-41.75,-46.75,-55.08,-58.50,-61.84,-50.86,-49.58
2023-07-23T15:50:01+00:00,-38.66,-61.40,-68.10,-49.46,-66.17,-48.95,-43.35,-42.02,-48.08,-41.62,-46.93,-54.91,-57.43,-62.31,-50.62,-48.95
2023-07-23T15:51:01+00:00,-38.42,-61.45,-62.40,-49.34,-65.62,-48.77,-43.09,-42.16,-47.94,-41.69,-46.98,-53.32,-57.26,-62.58,-50.53,-49.02
2023-07-23T15:52:02+00:00,-38.56,-61.28,-59.49,-49.38,-66.18,-48.80,-43.15,-41.91,-47.74,-41.57,-46.94,-54.50,-57.44,-63.03,-50.32,-49.15
2023-07-23T15:53:01+00:00,-38.73,-60.78,-65.85,-49.47,-66.33,-48.97,-43.24,-42.03,-47.78,-41.66,-47.23,-54.61,-57.31,-63.75,-50.61,-49.05
2023-07-23T15:54:01+00:00,-38.66,-60.21,-65.68,-49.25,-66.28,-48.77,-43.39,-42.22,-47.94,-41.76,-46.93,-54.83,-57.53,-64.13,-50.75,-49.07
2023-07-23T15:55:01+00:00,-38.54,-61.29,-65.90,-49.15,-65.79,-49.04,-43.37,-42.04,-48.09,-41.67,-45.82,-54.89,-57.55,-64.33,-50.21,-49.01
2023-07-23T15:56:01+00:00,-38.66,-60.93,-66.32,-48.39,-66.63,-48.79,-43.32,-42.15,-47.97,-41.59,-46.75,-54.72,-57.66,-64.64,-50.71,-48.82
2023-07-23T15:57:01+00:00,-38.74,-60.80,-66.03,-48.08,-66.17,-48.86,-43.24,-42.42,-48.14,-41.60,-46.64,-54.92,-56.64,-65.22,-50.48,-48.96
2023-07-23T15:58:01+00:00,-38.56,-60.75,-65.77,-48.22,-66.90,-48.58,-43.09,-42.25,-47.91,-41.62,-46.81,-54.88,-55.88,-65.11,-50.54,-49.22
2023-07-23T15:59:01+00:00,-38.40,-60.97,-65.96,-47.80,-65.91,-48.57,-43.12,-42.29,-48.11,-41.82,-46.74,-55.06,-56.08,-64.99,-50.65,-48.82
2023-07-23T16:00:01+00:00,-38.69,-60.77,-65.82,-47.81,-66.64,-48.95,-43.33,-42.25,-48.09,-41.70,-46.78,-55.08,-55.97,-65.09,-50.60,-49.06
2023-07-23T16:01:01+00:00,-38.57,-60.85,-68.17,-48.12,-66.32,-49.23,-43.44,-42.27,-48.14,-41.60,-47.42,-55.43,-56.19,-64.86,-50.57,-48.93
2023-07-23T16:02:01+00:00,-38.73,-60.44,-68.21,-48.12,-66.40,-49.09,-43.35,-42.43,-48.15,-41.89,-47.37,-55.38,-56.06,-64.77,-50.93,-48.96
2023-07-23T16:03:01+00:00,-38.82,-61.06,-68.12,-48.27,-65.92,-49.36,-43.42,-42.62,-48.16,-41.86,-47.53,-55.59,-56.21,-64.66,-50.84,-48.86
2023-07-23T16:04:01+00:00,-38.37,-61.22,-67.97,-48.32,-66.47,-48.87,-43.19,-42.58,-48.27,-41.94,-47.45,-55.37,-56.35,-63.97,-50.87,-48.77
2023-07-23T16:05:01+00:00,-38.66,-61.70,-68.50,-48.20,-66.38,-48.74,-43.10,-42.58,-48.16,-41.64,-47.12,-55.59,-56.44,-63.82,-51.04,-48.94
2023-07-23T16:06:01+00:00,-38.71,-61.15,-68.31,-48.26,-66.31,-48.91,-43.20,-42.56,-48.24,-41.66,-47.33,-55.52,-56.33,-63.47,-50.85,-48.86
2023-07-23T16:07:01+00:00,-41.86,-61.24,-63.54,-47.79,-66.17,-49.05,-43.37,-42.49,-47.94,-41.67,-47.32,-54.31,-56.29,-63.38,-51.16,-48.63
2023-07-23T16:08:01+00:00,-43.11,-61.57,-65.08,-47.61,-65.93,-49.04,-43.45,-42.47,-48.08,-41.68,-47.36,-55.13,-56.35,-62.72,-51.47,-48.56
2023-07-23T16:09:01+00:00,-42.46,-61.76,-66.14,-47.80,-67.19,-49.09,-43.49,-42.37,-47.86,-41.74,-47.28,-55.23,-56.34,-62.10,-50.90,-48.27
2023-07-23T16:10:02+00:00,-42.91,-61.09,-66.03,-48.29,-65.84,-48.90,-43.56,-42.64,-47.99,-41.55,-47.07,-55.34,-56.51,-62.08,-51.22,-48.41
2023-07-23T16:11:01+00:00,-42.68,-61.13,-65.90,-47.55,-66.20,-48.97,-43.53,-42.53,-48.22,-41.70,-47.08,-55.29,-56.43,-61.56,-51.25,-48.20
2023-07-23T16:12:01+00:00,-42.67,-60.87,-65.61,-47.44,-66.42,-48.83,-43.53,-42.55,-48.14,-41.63,-47.29,-55.37,-56.49,-60.95,-51.38,-48.33
2023-07-23T16:13:01+00:00,-42.63,-60.91,-66.00,-47.47,-65.94,-49.15,-43.57,-42.71,-47.98,-41.74,-47.39,-55.48,-56.43,-61.13,-51.54,-48.22
2023-07-23T16:14:01+00:00,-42.91,-61.07,-65.81,-47.47,-66.64,-48.87,-43.55,-42.84,-48.35,-41.90,-47.26,-55.57,-56.42,-60.85,-51.76,-48.30
2023-07-23T16:15:01+00:00,-42.76,-60.74,-66.23,-47.43,-66.43,-49.06,-43.50,-43.04,-48.29,-41.76,-47.00,-55.68,-56.54,-60.58,-51.88,-47.94
2023-07-23T16:16:01+00:00,-42.88,-61.10,-66.02,-47.51,-66.52,-49.10,-43.55,-42.96,-48.05,-41.85,-47.06,-55.82,-56.39,-60.41,-51.68,-48.08
2023-07-23T16:17:01+00:00,-42.59,-61.10,-68.24,-49.86,-66.24,-49.40,-43.51,-43.15,-48.23,-41.80,-47.25,-55.99,-56.56,-59.74,-51.40,-48.23
2023-07-23T16:18:01+00:00,-42.48,-61.24,-68.34,-49.13,-66.78,-48.82,-43.46,-42.99,-48.09,-41.76,-47.28,-55.65,-56.17,-59.57,-51.69,-47.86
2023-07-23T16:19:01+00:00,-42.55,-61.00,-68.14,-52.18,-66.60,-49.17,-43.44,-43.22,-48.36,-41.85,-47.34,-56.05,-56.04,-59.03,-52.50,-48.29
2023-07-23T16:20:01+00:00,-42.50,-61.00,-52.94,-51.21,-67.13,-49.09,-43.54,-43.16,-48.25,-41.81,-47.18,-53.40,-56.05,-58.62,-52.04,-48.09
2023-07-23T16:21:01+00:00,-42.36,-61.39,-55.74,-51.30,-66.01,-49.08,-43.58,-43.30,-48.00,-41.70,-47.50,-55.37,-56.10,-58.44,-52.27,-48.25
2023-07-23T16:22:01+00:00,-41.81,-61.38,-65.26,-51.56,-66.41,-49.33,-43.59,-43.30,-48.08,-41.86,-47.43,-55.62,-56.18,-58.03,-52.28,-48.30
2023-07-23T16:23:01+00:00,-42.15,-61.26,-65.19,-51.31,-66.53,-49.22,-43.47,-43.25,-48.13,-41.92,-47.59,-55.69,-56.17,-57.41,-52.17,-48.04
2023-07-23T16:24:01+00:00,-42.27,-61.10,-66.06,-50.35,-66.62,-49.38,-43.54,-43.29,-48.34,-41.36,-46.98,-55.91,-56.74,-57.42,-52.14,-47.89
2023-07-23T16:25:01+00:00,-42.13,-61.75,-66.21,-50.67,-66.77,-49.16,-43.57,-43.44,-48.19,-41.81,-47.15,-56.20,-56.26,-57.08,-52.29,-48.16
2023-07-23T16:26:01+00:00,-42.25,-61.68,-66.02,-50.38,-67.00,-49.15,-43.50,-43.35,-48.31,-41.92,-47.43,-56.17,-56.74,-56.59,-52.06,-47.77
2023-07-23T16:27:01+00:00,-42.33,-62.00,-68.28,-50.21,-66.03,-49.37,-43.58,-43.21,-48.07,-41.68,-47.51,-56.15,-57.91,-56.40,-52.08,-47.70
2023-07-23T16:28:01+00:00,-42.36,-62.17,-68.30,-50.67,-67.19,-49.16,-43.54,-43.11,-48.27,-41.92,-48.33,-56.30,-60.16,-56.02,-52.10,-47.83
2023-07-23T16:29:01+00:00,-42.13,-61.57,-67.90,-51.06,-66.41,-49.27,-43.52,-43.22,-48.14,-41.93,-48.59,-56.30,-59.90,-55.96,-52.09,-47.75
2023-07-23T16:30:01+00:00,-41.99,-61.60,-68.44,-50.38,-67.56,-48.93,-43.48,-43.23,-48.10,-41.95,-48.43,-56.09,-60.09,-55.70,-52.22,-47.59
2023-07-23T16:31:01+00:00,-42.14,-62.08,-68.40,-50.15,-66.93,-48.99,-43.51,-43.22,-48.17,-42.17,-48.52,-56.25,-58.81,-55.16,-52.56,-47.52
2023-07-23T16:32:01+00:00,-42.16,-61.54,-68.08,-50.83,-66.54,-49.06,-43.54,-43.35,-48.18,-42.15,-48.45,-56.42,-58.61,-55.22,-52.89,-47.54
2023-07-23T16:33:01+00:00,-41.96,-62.16,-68.10,-49.62,-66.88,-48.89,-43.50,-43.31,-48.29,-42.17,-48.53,-56.46,-58.03,-54.79,-52.32,-47.71
2023-07-23T16:34:01+00:00,-42.17,-62.00,-68.25,-49.42,-66.16,-49.25,-43.52,-43.35,-48.52,-42.23,-48.62,-56.66,-58.26,-54.61,-52.61,-47.53
2023-07-23T16:35:01+00:00,-42.06,-61.52,-67.99,-49.34,-66.37,-48.82,-43.54,-43.35,-48.32,-41.92,-48.47,-56.48,-58.73,-54.23,-52.70,-47.53
2023-07-23T16:36:01+00:00,-41.94,-61.77,-68.19,-49.21,-66.11,-48.85,-43.55,-43.33,-48.23,-42.09,-48.46,-56.65,-58.82,-53.88,-52.39,-47.56
2023-07-23T16:37:01+00:00,-42.23,-61.97,-67.95,-50.03,-66.11,-49.07,-43.58,-43.41,-48.27,-42.23,-48.49,-56.72,-58.91,-53.99,-52.31,-47.68
2023-07-23T16:38:01+00:00,-42.12,-61.75,-68.32,-49.60,-66.64,-49.24,-43.57,-43.26,-48.08,-42.18,-48.72,-56.65,-59.45,-53.46,-52.65,-47.78
2023-07-23T16:39:01+00:00,-42.20,-61.74,-68.08,-49.42,-67.04,-49.09,-43.62,-43.26,-48.16,-41.99,-48.65,-56.75,-59.44,-53.21,-52.36,-47.66
2023-07-23T16:40:01+00:00,-42.08,-61.56,-68.27,-49.83,-66.92,-49.14,-43.52,-43.47,-48.17,-42.05,-48.99,-56.76,-59.37,-53.10,-52.27,-47.76
2023-07-23T16:41:01+00:00,-42.17,-61.98,-68.26,-49.12,-66.80,-49.38,-43.70,-43.51,-48.20,-42.05,-49.05,-56.85,-58.70,-52.83,-52.60,-47.72
2023-07-23T16:42:01+00:00,-41.98,-62.22,-68.04,-48.68,-66.53,-49.12,-43.61,-43.27,-48.30,-42.16,-48.99,-56.91,-58.96,-53.02,-52.48,-47.64
2023-07-23T16:43:01+00:00,-42.51,-61.66,-68.07,-49.06,-66.83,-49.05,-43.66,-43.50,-48.26,-41.92,-48.75,-56.92,-59.07,-52.69,-52.80,-47.55
2023-07-23T16:44:01+00:00,-42.14,-61.58,-68.18,-49.35,-67.48,-49.21,-43.67,-43.58,-48.26,-42.05,-48.57,-56.98,-59.36,-52.51,-52.62,-47.62
2023-07-23T16:45:01+00:00,-42.16,-62.18,-68.33,-49.35,-66.79,-49.13,-43.53,-43.64,-48.34,-42.00,-48.40,-56.92,-59.55,-52.52,-52.57,-47.60
2023-07-23T16:46:01+00:00,-41.91,-61.89,-68.04,-48.47,-66.83,-49.28,-43.57,-43.69,-48.32,-41.98,-48.56,-57.05,-59.72,-52.36,-52.52,-47.42
2023-07-23T16:47:01+00:00,-42.07,-61.80,-68.06,-48.02,-66.41,-49.15,-43.59,-43.86,-48.22,-42.03,-48.47,-57.08,-59.81,-52.21,-52.36,-47.58
2023-07-23T16:48:01+00:00,-42.10,-62.44,-68.20,-48.06,-65.69,-48.89,-43.40,-43.86,-48.12,-42.05,-48.68,-57.10,-60.00,-52.13,-52.24,-47.35
2023-07-23T16:49:01+00:00,-42.24,-61.28,-68.19,-48.01,-66.07,-48.88,-43.43,-43.94,-48.16,-42.05,-48.66,-57.13,-60.03,-52.12,-52.36,-47.55
2023-07-23T16:50:01+00:00,-42.02,-61.61,-68.24,-48.04,-66.77,-49.04,-43.48,-44.03,-48.25,-42.01,-48.59,-57.11,-60.02,-51.81,-52.16,-47.40
2023-07-23T16:51:01+00:00,-42.16,-61.90,-68.13,-48.21,-66.93,-49.16,-43.53,-44.06,-48.29,-42.14,-48.62,-57.23,-61.53,-51.74,-51.76,-47.50
2023-07-23T16:52:01+00:00,-42.07,-61.74,-68.12,-48.17,-66.96,-48.83,-43.47,-43.99,-48.22,-42.15,-48.50,-57.26,-61.50,-51.49,-52.08,-47.65
2023-07-23T16:53:01+00:00,-41.99,-61.74,-68.13,-47.86,-66.48,-49.20,-43.49,-44.05,-48.27,-42.18,-48.63,-57.28,-61.55,-51.19,-52.03,-47.43
2023-07-23T16:54:01+00:00,-41.97,-61.66,-68.02,-47.70,-66.81,-49.12,-43.50,-44.00,-48.32,-42.11,-48.56,-57.31,-61.46,-50.99,-51.95,-47.54
2023-07-23T16:55:01+00:00,-42.15,-62.10,-68.05,-47.83,-66.20,-48.94,-43.60,-44.12,-48.36,-42.27,-48.78,-57.27,-61.95,-50.93,-52.06,-47.71
2023-07-23T16:56:01+00:00,-42.02,-61.52,-68.28,-47.71,-66.35,-49.22,-43.52,-44.03,-48.25,-42.14,-48.67,-57.37,-61.78,-50.84,-51.64,-47.57
2023-07-23T16:57:01+00:00,-43.34,-61.29,-68.17,-47.64,-66.50,-49.07,-43.51,-44.09,-48.30,-42.30,-48.53,-57.38,-62.06,-50.73,-52.10,-47.16
2023-07-23T16:58:01+00:00,-43.07,-61.67,-68.54,-47.65,-66.85,-48.92,-43.38,-44.09,-48.38,-42.14,-48.65,-57.44,-61.92,-50.59,-52.16,-47.48
2023-07-23T16:59:01+00:00,-43.06,-61.66,-68.28,-47.76,-66.91,-49.07,-43.40,-44.06,-48.35,-42.39,-48.76,-57.45,-61.89,-50.43,-52.20,-47.26
2023-07-23T17:00:01+00:00,-43.04,-61.05,-68.21,-47.73,-66.15,-48.67,-43.44,-44.12,-48.12,-42.25,-48.76,-57.45,-61.85,-50.29,-52.00,-47.29
